food_no,name,ingredients,recipe
0,갈비구이,"닭가슴살 200g,대파 1개,간장 2T,설탕 1T,참기름 0.5T,다진마늘 0.5T,꿀 1T","1. 간장2T, 설탕1T, 참기름0.5T, 다진마늘0.5T, 꿀1T를 넣고 갈비양념을 만들어줍니다 (꿀이 없다면 조청이나 올리고당으로 대체 가능합니다)|2. 대파는 길게 채썰어주세요|3. 닭가슴살은 얇게 편 썰어주세요|4. 볼에 닭가슴살 편 썬걸 담고, 갈비양념을 넣고 양념을 골고루 묻혀 주세요|5. 갈비양념을 고루 묻힌 닭가슴살을 냉장고에서 20분정도 숙성시켜줍니다|6. 프라이팬에 올리브오일을 살짝 두르고 닭가슴살을 구워줍니다|7. 앞뒤로 노릇노릇하게 구워주세요|8. 접시에 닭가슴살 갈비구이를 예쁘게 놓고, 대파 썬것도 올려줍니다  파채와 닭가슴살을 곁들여 드시면 됩니다"
1,갈치구이,"갈치 2마리,식용유 3T,부침가루 2T,쌀뜨물 적당량,후추 약간,맛소금 2꼬집",1. 갈치를 쌀뜨물에 넣어 해동 해 줍니다. 생물은 그냥 조리하셔도 됩니다.|2. 비린내는 껍질에서 많이나므로 껍질을 칼로 쓱쓱 밀듯이하여 벗겨준뒤 맛소금 한꼬집과 후추로 밑간을 합니다.|3. 부침가루 2T를 준비해 갈치에 입혀줍니다. 가루는 털어내어 얇게 입혀 줍니다.|4. 후라이팬에 식용유를 넉넉히 두르고 예열한뒤 갈치를 올립니다.|5. 갈치는 두껍지않은 생선이므로 다른 생선보다 빨리 익습니다. 중불에서 앞뒷면 살이 다 익으면 겉이 노릇해지게 한번씩만 바삭하게 구워내면 완성.
2,고등어구이,"고등어 1마리,양파 1/3개,땡초 2개,쪽파 1줄기,간장 2T,고춧가루 2T,맛술 2T,고추장 1/2T,다진마늘 1/2T,설탕 1/2T","1. 땡초2개랑 양파1/3개를  다져서 넣고|2. 고춧가루2스푼,양조간장2스푼,맛술2스푼,고추장반스푼,설탕반스푼,다진마늘반스푼넣어서 섞어 주세요~|3. 고등어는 안쪽 부터 구워 주세요~|4. 다구워지면|5. 안쪽으로 양념을 골고루 발라서|6. 쪽파 솔솔~ 뿌려 주심 끝입니다^~^ (대파다져서 뿌리셔두 되고 깨소금만 뿌리셔두 되셔요^~^)|7. 오늘 처럼 비오는날~ 소주 한잔 생각 나실때 완벽한 안주로 고갈비 어떠세용?!^~^"
3,곱창구이,"곱창 1kg,감자 2개,참기름 1스푼","1. 대파김치 담고 며칠 전  정육점에 주문했던 소 곱창 1kg  가격은 15,000원|2. 집에서 곱창구이 만들기 위해 먼저 곱창 손질 시작했네요 곱창은 기름이 많아  손질 작업이 필요한데요|3. 기름진 쪽을 잡아당기면  기름 덩어리와 껍질이 벗겨지긴 하는데 약간 힘든 작업이긴 하네요 ㅠㅠ|4. 집에서 곱창 손질 완성된 모습 기름 분리 작업은 껍질이  찟어지지 않도록 조심해서 하셔야 곱창곱이 빠져나오지 않으니 주의하세요|5. 곱창에서 분리된 곱창 껍질과 기름 덩어리 모습이에요  분리된 껍질과 기름양이  정말 어마어마하죠?   곱창 실 무게보다 기름 무게가  더 많이 나온 듯합니다 ㅠㅠ|6. 분리된 곱창은 소주에 담가 박박 문질러 씻어 잡내를 제거합니다  중간중간 곱창이 찢어져  곱이 살짝씩 나오지만 전문가가 아니니 이 정도는 괜찮겠쥬|7. 집에서 곱창구이 만들기는  곱창을 삶아 사용하시는 분도 많은데 오포댁은 곱창 특유에 맛을 즐겨  삶지 않고 바로 굽기 시작했네요 감자 올려주고 곱창도 올려 굽기 시작해볼께요|8. 처음에 곱창구이 시작하면 곱창에서 물이 많이 나오고 찢어진 곱창 사이로  곱도 살짝씩 나오는데요|9. 익으면서 물은 자연스럽게 없어지니  상관없고요 찢어진 곱창 사이에서  나오는 곱창 곱은  수저로 덜어 내어 나중에  볶음밥에 사용하시면  볶음밥을 더욱 맛있게 즐기실 수  있답니다|10. 곱창구이 완성되어 가는 모습 집에서 곱창구이 만들기 식당 곱창구이와 비주얼 차이가 많이 없죠?|11. 곱창 옆에서 대파김치도 함께 구워줍니다|12. 곱창구이는 바싹 익히지 않으면  곱창이 질기니 바싹 익혀 주세요|13. 돌돌 말려 완성된 집에서 곱창구이 모습 곱창은 싱싱하지 않으면  곱이 다 빠져나가는데요 곱이 가득 든 싱싱한 모습이에요|14. 곱창 구운 프라이팬에 대파김치 쫑쫑 썰어 넣고 덜어 두었던  곱창 곱도 넣어 볶음밥도 만들었네요"
4,닭갈비,"닭안심 500g,양파 1개,당근 약간,양배추 1.5줌 ,감자 1개,깻잎 10장,식용유 2T,간장 5T,고추장 3T,고추가루 3T,맛술 3T,설탕 2T,들기름 2T,카레가루 0.5T,다진마늘 1T,후추 5번 ,맛소금 1티스푼","1. 닭고기를 준비 해 줍니다.|2. 양파,당근,감자,깻잎,양배추를 적당한 크기로 잘라줍니다. 이때 감자는 얇게 썰어 주세요.|3. 고추장,간장,고추가루,맛술,설탕,다진마늘,후추,카레가루,들기름을 넣어 양념장을 만들어줍니다.|4. 닭고기에 양념장을 부어 조물조물 무친뒤 30분이상 재워둡니다.|5. 식용유 두른 팬에 양념닭고기와 감자,양파,양배추,당근을 넣어 모든재료가 다 익을 때까지 중불로 익혀줍니다.|6. 마지막으로 깻잎을 넣어주어 완성. 이때 간을 보아 부족한 간은 맛소금으로 해줍니다. 저는 맛소금1티스푼 넣었습니다."
5,더덕구이,"더덕 11개,고추장 2큰술,고춧가루 1큰술,간장 2큰술,올리고당 2큰술,소주 1큰술,매실엑기스 2큰술,다진마늘 2큰술,참기름 2큰술,간장,참기름","1. 껍질벗긴 더덕 11개 반으로 쪼갠 후|2. 밀대로 원하는 두께만큼 밀어주세요|3. 더덕 밑간을 위한 유장을 만들어 주세요(간장 1: 참기름 2)|4. 더덕에 유장을 앞뒤로 골고루 바른 후 간이 배도록 실온에서 10분동안 머물게 해주세요|5. 그동안 양념장을 만들어 주세요(고추장 2큰술, 고추가루 1큰술, 간장 2큰술, 올리고당 2큰술, 소주 1큰술, 매실액기스 2큰술, 다진마늘 1큰술, 참기름 2큰술)|6. 10분 후 달군 후라이팬에 유장에 간이 밴 더덕을 기름없이 초벌구이 해줬어요 붙지않아요|7. 초벌구이한 더덕을 호일 위에 올려 앞뒤로 양념을 발라주세요|8. 호일로 위아래를 덮었어요(펼쳐진 상태 그대로 한꺼번에 뒤집기 위해)|9. 중불에서 뒤집으며 앞 1분>>뒤 1분>>약물에서 뒤집으며 앞 1분>>뒤 1분 구워내고 마지막 깨를 뿌리면 완성"
6,떡갈비,"소고기다진것 600g,돼지고기다진것 400g,간장 7Ts,설탕 3Ts,올리고당 2Ts,참기름 1Ts,마늘 1Ts,생강즙 2Ts,배즙 4Ts (이나 양파즙),다진파 2Ts,참기름 1Ts,간장 1ts,꿀 1ts",1. 다진소고기는 키친타월에 핏물을 빼줍니다.|2. 다진 돼지고기 역시 키친타월에 핏물을 빼주세요.|3. 파는 곱게 다지세요.|4. 양념장을 만들고 파를 섞어주세요.|5. 고기는 서로 잘 섞어주세요.|6. 섞은 고기에 양념장을 넣고 치댑니다.|7. (치대는것은 골고루 섞어서 반죽하듯이 하는것을 뜻해요-간이 잘배고 고기도 맛있어져요.)|8. 고기는 먹기좋은 크기로 너무 두껍지 않게 만들어주세요. 가운데를 약간 옴폭파면 구울때 좋아요~|9. 기름을 두르고 구우실때 센불로 하지마시고 중약불로 노릇하게 구워주세요.|10. 다 구워지면 분량의 유장을 조금씩 위에 덧발라 약간 센불에서 윤기나게 구워주세요.
7,불고기,"소불고기 400g,식용유 약간,물 1/4cup,후추 약간,송송 썬 쪽파 1대,간장 3T,물 2T,설탕 2T,청주 2T,다진 파 1T,다진 마늘 1T,다진 생강 1/4T,참기름 약간",1. 불고기는 먹기 좋은 크기로 썬다.|2. 양념장을 만든다.|3. 불고기에 양념장을 넣고 잘 섞는다.|4. 팬에 약간의 기름을 두르고 불고기를 익힌다.|5. 고기가 타지 않게 중간마다 물을 넣는다.|6. 후추를 약간 뿌린다.|7. 구운 고기 위에 쪽파를 뿌린다.
8,삼겹살,"돼지고기 600g,깻잎 10장,양파 1개,간장 1/2종이컵,와인 2컵,설탕 1큰술,올리고당 1/2컵,미림 2큰술",1. 돼지고기는 앞다리나 뒷다리살로 준비해주세요 재료준비만되면 누구나 쉽게할수있어요|2. 양파와 깻잎은 잘게 채썰고 양파는 찬물에 잠깐담궈 매운맛을 빼주세요|3. 간장 올리고당 설탕 미림 레드와인을 넣물도 한컵넣어주세요|4. 뚜껑을 덮고 양념이 고기속까지 잘베이게 30분정도 중불에 푹 익혀주시면되요|5. 25분정도 지난후 고기가 양념이 잘베어졌음 뚜껑을 열고 소스국물이 걸줄해질때까지 팔팔 끌혀주면 끝!!^^ 초간단하죠?ㅎㅎ|6. 적당한 두께로 잘썰어 접시에 내어줍니다 채썬 깻잎과 양파를 곁들여주세요
9,장어구이,"장어 2마리,고춧가루 1큰술,다진마늘 1큰술,간장 1.5큰술 ,매실액 2큰술,설탕 1큰술,올리고당 1큰술,청주 2큰술,생강술 1큰술,후춧가루 1작은술",1. 토막낸 장어에 등 쪽에 칼집을 내어줘요. 준비한 분량의 장어 소스를 한번 끓여서 준비해주세요.|2. 집에서는 간단하게 생선 굽는 팬에서 손질된 장어를 초벌구이 해주세요. 초벌구이 할 때 양념을 발라서 구워주면 익기도 전에 다 타버린답니다.|3. ​두번째 구울 때 양념을 발라주고 타지 않게 앞뒤로 소스를 발라주면서 구워주세요.|4. 완성된 장어구이를 접시에 담아내고 통깨를 뿌려줍니다.
10,조기구이,"냉동조기 4마리,청양 3~4개,다진마늘 1T,청주 적당히,후추 조금,참기름 적당히,식용유 적당히",1. 냉동조기를 꺼내어 청주에 30정도 푹 담궈두세요|2. 조기를 꺼내어 칼집을 두군데 내 주시고 팬에 기름넣어 구워주세요|3. 굽는시간에 소스를 만들어요 다진마늘1T.청양고추3~4개정도 참기름 적당히.후추 넣어 섞어주세요|4. 앞뒤로 노릇하게 구운 조기를 접시에 담고 소스를 뿌려서 드시면 비릿내냄새 전혀 안나고요 고소하면서 맛있답니다ㅋ
11,황태구이,"황태 1마리,고추장 1T,고춧가루 1t,간장 1t,설탕 2t,다진파 1t,다진마늘 1t,후추 약간,참기름 1t,통깨 약간,물 1T","1. 황태 한 마리를 준비해 머리와 꼬리를 제거해주세요. (잘라낸 머리와 꼬리부분은 다른요리 육수내실 때 사용해 주시면 돼요.)|2. 황태를 물에 살짝 담가 2분정도 불려주세요. 너무 오래 담가두면 육즙도 빠져나가고 살이 잘 부서져요.|3. 촉촉해진 황태를 살짝눌러 물기를 제거한 후, 지느러미나 가시 제거 후, 먹기좋은 크기로 손질해주세요.|4. 황태구이의 초벌구이에 쓰일 유장은  참기름:간장=2:1 비율로 만들어주세요.|5. 기름 두른 팬에 유장을 바른 황태를 올려 앞뒤로 초벌구이 해주세요.|6. 황태구이 양념장 만드는법: 고추장, 고춧가루, 설탕, 참기름, 다진파, 다진마늘, 간장,후추, 통깨를 섞어 양념장을 만들어주세요.|7. 물로 양념장의 농도를 조절해주세요.|8. 양념장을 골고루 바른 황태를 약 5~10분간 양념이 배도록 두신 후 기름두른 후라이팬에 구워주세요."
12,훈제오리,"훈제오리 200g,양파 1/2개,감자 작은것 1개,파프리카 약간,부추 약간,식용유 약간,간장 3큰술,물 3큰술,올리고당 1큰술,다진마늘 1/2큰술,후추 약간","1. 저는 짜투리 야채가 많이 남아서 골고루 넣어줬는데 냉장고 사정에 맞게 준비하셔도 상관없어요 ~|2. 파프리카와 양파는 채썰어 준비해주시고 감자는 반으로 잘라 너무 두껍지 않게 썰어서 준비해주세요 부추도 먹기좋은 크기로 잘라주시고요|3. 훈제오리 요리 만들기 전에 오리고기에 있는 기름을 살짝 빼줄꺼예요 오리고기에서 나오는 기름이 다른 고기에서 나오는 기름보다 좋다고는 하지만 많이 먹는다고 좋진 않겠죠 ? 아무래도 많이 먹으면 느끼하기도 하고요 ~ 냄비에 물을 팔팔 끓여주시고 훈제오리고기를 퐁당 넣어주시면 기름이 위로 동동 뜨기 시작하는데요 한 10초 정도만 있다가 바로 채반에 건져 물기를 제거해주세요|4. 그리고 훈제오리 요리 소스를 만들어줄껀데요 오리고기랑 부추만 넣고 소금간 살짝해서 간단하게 만들어 먹어도 좋은데 저는 야채도 많이 넣을꺼라 간단하게 간장양념을 만들어봤어요 간장 3큰술, 물 3큰술, 올리고당 1큰술, 다진마늘 1/2큰술, 후추 약간 넣어서 골고루 섞어서 준비해주세요 ~|5. 끓는물에 데쳐낸 오리고기는 먹기좋은 크기로 잘라주세요 고기는 분리되어 있는데 간혹 오리껍질이 길쭉하게 늘어진것들이 있거든요 그럼 먹다가 목구멍에 걸릴때도 있어서 그 부분만이라도 잘라주시는게 좋답니다|6. 그 다음 제일 익는데 오래걸리는 감자부터 익혀줄꺼예요 감자가 없으시면 요 과정은 그냥 패쓰~ 후라이팬에 식용유를 둘러 감자를 골고루 펴서 익혀주세요|7. 감자가 어느정도 익으면 소스를 부어줄껀데요 이때 소스를 바로 부으시면 안되요 감자를 익는데 시간이 어느정도 걸리기 때문에 이미 후라이팬에 많은 열감이 있거든요 이때 소스를 바로 부어버리면 다 타버리니까 불을 잠깐 꺼두시거나 약불로 줄이셨다가 후라이팬이 식으면 소스를 부어주세요|8. 그리고 소스가 다시 파르르~ 끓어오르기 시작하면 오리고기와 부추를 제외한 나머지 야채를 몽땅 넣어주세요 ~|9. 그리고 소스가 고기와 야채에 잘 어우러지도록 골고루 섞어주시고 불을 꺼주세요 부추는 뜨거운데 넣으면 금방 흐물거리기 때문에 불을 끈뒤에 넣어주고 섞어주시면 훈제오리 요리 완성 ~|10. 훈제오리야채볶음에 간장양념을 곁들여 적당히 짭쪼롬 하면서도 아삭한 식감의 야채와 쫄깃한 식감의 오리고기가 만나 풍부한 맛을 이룬답니다"
13,계란국,"계란 3알,물 3-4컵,다진파 1T,소금 약간,액젓 1t,다시마 1장 (5cm x 5cm),멸치 8마리","1. 달걀은 소금 한꼬집 넣어 잘 풀어주세요|2. 냄비에 물 붓고 다시마, 멸치를 넣어 센불에서 끓이다 끓어오르면 중약불로 줄여 약 10-15분 정도 더 끓여서 밑국물을 만들어 주세요.|3. 약 10-15분 후, 밑국물 재료는 건져내고 액젓 1t를 넣어주세요.|4. 그 다음 달걀물을 원을 그리듯이 부어주세요.|5. 약 30초 있다가 한번 휘이 저어주세요.|6. 불끄고 송송 썬 파 1T 넣고 부족한 간은 소금으로 하면 완성입니다."
14,떡국_만두국,"떡 2줌,만두 5개,당근 1/6개,양파 1/2개,애호박 1/4개,달걀 1개,대파 1대,멸치 10마리,다시마 2장,국간장 2T,소금 1t,후추 1/2t,참기름 1/2T","1. 당근,양파,애호박은 모두 채썰어주고 대파는 송송 썰어주세요.|2. 떡은 물에 담가 불려주세요.|3. 달걀 1개는 그릇에 대강 풀어주세요.|4. 냄비에 준비한 멸치,다시마를 넣고 물이 끓으면 다시마는 진액이 나오기 때문에 건져준 후 15분간 끓여주고 멸치를 건져주세요.|5. 육수에 당근과 애호박을 넣어주세요. 양파는 아삭한 식감을 위해 나중에 넣어줄거에요. 아삭한 식감을 싫어하신다면 이때 넣어주시면 된답니다.|6. 당근이 익어가면 불린 떡을 넣어주세요.|7. 간은 국간장 2T, 소금 1t를 넣어주세요.|8. 양파의 아삭한 식감을 좋아해서 간을 한 후 양파를 넣어줬어요.|9. 후추는 1/2t정도 톡톡 뿌려주세요. 부족한 간은 취향껏 맞춰주세요. 국간장은 너무 많이 넣으면 색이 까매지니 향만 내고 나머지는 소금으로 간해주세요.|10. 간을 다 맞추면 만두를 넣어주세요.|11. 보글보글 끓여주다가 계란을 원으로 둘러주세요.|12. 떡만둣국의 포인트, 참기름 1/2T를 넣어주세요.|13. 마무리로 대파를 넣어주면 완성이에요."
15,무국,"무 230g,작은대파 1대,다시멸치 1줌,물 1000ml,참기름 2큰술,국간장 1큰술,소금 1티스푼 ","1. 물 1L 다시 멸치 한 줌 넣고  육수를 우려줍니다|2. 무 채 썰어|3. 냄비에 담고 참기름 2,국 간장 1,소금 티스푼 1 넣고|4. 슥슥슥~~ 볶아 주다가|5. 준비한 육수 붓고|6. 팔팔~ 끓여줍니다|7. 대파 송~ 송~ 썰어|8. 넣고 푹~ 끓여주면 끝"
16,미역국,"미역,다진마늘1T,간장1T,된장 1t,소금 간맞추기","1. 미역은 물에 담궈 불려준다.|2. 불려진 미역은 잘게 잘라서 냄비에 넣고, 참기름을 넉넉히 두르고 센불에 볶아준다. 센불에 미역이 물기가 거의 없어질 정도로 많이 볶아준다. 미역들이 물기가 없어 냄비에 달라 붙을 지경이 될때까지.. 이게 뽀인트1|3. 볶아진 미역에 물을 미역이 잠기지 않을정도로만 부어주고 다진마늘을 한스푼정도 넣어주고 센불에 끓여준다. 이게 뽀인트 2!!!! 물을 적게 붓는 것.. 물이 적으면 그만큼 잠깐만 끓여도 미역국이 뽀얗게 나온다.|4. 물이 졸아들면 다시 물을 미역이 잠길만큼 부어준다. 벌써 국물이 뽀얗게 보인다. 간은 간장 1T, 된장 1/2T, 소금(원하는 간만큼 소금을 넣어준다.)|5. 국물이 졸아들면 이제 원하는 물 높이로 물을 넣고 센불에 마지막으로 시간이 되는만큼 끓여준다.|6. 뽀얗고 진한 미역국 완성!! 홍합미역국, 새우미역국 등등 본인이 원하는 미역국이 있을거다.. 그건 개인취향에 따라 추가 하면 됨..."
17,북엇국,"북어 2줌,무 적당량,달걀1개,멸치다시마육수 6컵,대파 약간,참기름 1큰술,다진마늘 0.5큰술,참치액 1큰술,새우젓 1큰술","1. 무는 먹기 좋은 크기로 썰어주고. 대파도 송송 썰고|2. 북어는 물에 살짝 담가 물기를 제거하고 팬에 참기름1,참치액1 그리고 북어를 넣고 달달 볶다~|3. 썰어놓은 무를 넣고 볶아주다|4. 멸치다시마육수6컵을 부어주고|5. 다진마늘 0.5|6. 새우젓1 넣고 바글 바글 끓여줍니다. 무와 북어에서 맛이 우러나도록 ~|7. 국이 거의 완성될쯤 (무가 익으면 되겠죠) 달걀1개를 풀어 빙~~둘러 부어줍니다. 이때 숟가락으로 젓지 마시고 그냥 두심 되요.|8. 대파 넣고 한소끔 더 끓여 마무리 달걀 넣고 오랫동안 끓이는것 보다 마지막에 넣어 살짝 끓여 마무리 하는게 달걀이 부드럽고 맛있어요. 기호에 따라 후추가루를 넣어도 좋아요 (부족한 간은 소금으로 해주세요)|9. 북엇국 완성 무도 넣고 달걀도 풀어주고 시원하고 뜨끈한 국 한그릇"
18,시래기국,"삶은시래기 300g,된장 3큰술,고추장 1큰술,국간장 2큰술,다진마늘 1큰술,채 썬 양파 1/2개,다진파 1대,설탕 1작은술,후추 톡톡 ,풋고추 2개,들깨가루 6큰술,들기름 2큰술,쌀뜨물 3L,고추 1~2개,고춧가루 1/2술","1. 재료를 준비해요. 삶은 시래기는 먹기좋은 크기 5센티 길이내외로 잘라 줍니다. 양파는 채썰고, 파는 잘게 썰어주세요.  ​|2. 시래기 300g과 양파, 마늘, 파, 된장 3큰술, 고추장1큰술, 국간장 2큰술, 설탕1작은술, 들깨가루 5큰술을 넣고요,(설탕을 조금 넣으세요. 시래기의 비린내가 없어져요)|3. 잘 무쳐 줍니다. 이렇게 간이 베이라고 두어도 되지만 어차피 오래동안 끓이는 국이라서 바로 끓여도 됩니다.|4. 불을 올린 냄비에 들기름 2큰술을 두르고 버무린 시래기를 넣고 육수 또는 쌀뜨물을 1컵만 붓고 달달 볶아주세요.  ​|5. 이제 쌀뜨물이나 사골육수,또는 둘을 섞은걸 전부 부어 줍니다.오래동안 끓일거라서 넉넉히 부어야 되요.|6. 냄비 가득입니다. 센불에서 끓이다가,뚜껑을 닫고 중약불에서 시래기가 완전히 뭉글~해 질때까지 끓여 줍니다.|7. 국물이 많이 졸아들었어요. 시래기가 흐물해지면 거의 다 된겁니다. 고추 1~2개 썰어 넣고 소금으로 마지막 간하면 완성!입니다.|8. 끓인 그대로 고추만 좀 더 올려 내어도 구수~하니 너무 맛있구요,|9. 고춧가루 반 술, 들깨가루 1술 더 넣어 훌훌 저어 먹어도 아주아주 맛있습니다.  ​"
19,육개장,"소고기,고사리,대파,숙주,표고버섯,식용유 2큰술,참기름 4큰술,고춧가루 3큰술,다진마늘 1큰술,국간장 2큰술,소금 약간","1. 고사리, 대파, 표고버섯은 먹기좋은 크기로 잘라서 준비해주시구요 숙주는 깨끗이 씻어서 준비해주세요|2. 그리고 큰 냄비나 웍에 식용유 2큰술, 참기름 4큰술 넣어줬어요 양에 따라 참기름은 좀 더 넣으셔도 되요|3. 그리고 큼직큼직하게 썰어둔 대파를 먼저 달달 볶아주세요 ~|4. 살짝 복은뒤에 소고기도 넣어서 같이 볶아주시구요|5. 소고기 겉면이 어느정도 익었다 싶을때 고춧가루 3큰술을 넣어서 한번 휘리릭 볶아주세요|6. 그리고 물을 넣어주시는데요 재료에 따라 물양은 더 추가하셔도 좋아요|7. 물을 넣어주고 살짝 끓어오르기 시작하면 미리 준비해두었던 고사리와 표고버섯을 넣고 같이 끓여주세요 토란대도 준비하셨다면 토란대도 같이 넣어서 끓여주세요|8. 그리고 이위에 다진마늘 1큰술, 국간장 2큰술을 넣어줬어요 간은 드시는 기호에 따라 국간장이나 소금을 더 추가하시면 되는데요 전 소금을 1/2큰술 정도 더 넣어서 끓여줬어요 신랑은 살짝 싱겁다고 하긴 했는데 제입맛엔 딱이였거든요 ~ 드셔보시면서 간은 추가해주시면 될것같아요|9. 그리고 마지막에 씻어두었던 숙주를 올려서 바글바글 끓여주시면 된답니다 ~|10. 아주 먹음직스럽게, 어느정도 비주얼도 그럴싸하죠 ~^^ 그동안 육개장을 왜이렇게 어렵게 끓였었나 싶더라구요 이렇게 쉬운 레시피가 있는데 말이죠 ㅋ|11. 저는 국물보다 건더기양이 좀 더 많았었는데 육개장은 또 이런 건더기 먹는 재미도 있어서 딱 좋더라구요 ~ 취향에따라 마지막에 계란 풀어서 넣어주셔도 좋아요 ~"
20,콩나물국,"콩나물 4줌,다진파 5T,멸치다시마육수 500ml,다진마늘 1/2T,국간장 1T,멸치액젓 1T,소금 1/3T",1. 콩나물은 누런부분과 껍질부분 제거하고 두세번 세척후 소쿠리에 받쳐줍니다. 미리 멸치다시마육수 500ml도 준비해주세요~|2. 냄비에 씻은 콩나물을 넣고 멸치다시마육수 500ml를 넣은후 물 700ml를 넣고요~|3. 센불로 켠후 끓으면 중약불로 줄여 5분동안 끓여줍니다.|4. 5분경과후~ 다진마늘1/2T. 다진파5T. 국간장1T. 멸치액젓1T를 넣은후~ 한번 바글 끓인후 간을 보셔서 싱거우면 소금간을 추가하세요~ 저는 소금1/3T정도 넣었습니다.
21,과매기,"아보카도 1개,양파 1/4,방울토마토 7개,레몬즙 3큰술,소금,후추,나초","1. 아보카도 실온에 5일 정도 두었다가 익어서 지금은 냉장고에 보관 중이랍니다. 양파와 방울토마토는 다져서 준비를 합니다.|2. 아보카도는 가운데를 씨를 중심으로 자른 후에 숟가락으로 퍼내주면 깔끔하게 제거가 된답니다.|3. 퍽퍽 숟가락으로 으깨주세요. 아보카도는 숲속의 버터라고 불린다고 합니다.|4. 아보카도, 양파, 토마토를 넣고 레몬은 없으니 레몬즙을 3큰술 넣었어요. 마늘을 넣기도 하던데 전 다진마늘은 뺐어요.|5. 소금과 후추를 넣어서 간을 맞춰줍니다.|6. 잘 섞어주면 멕시코요리인 과카몰리라고 한답니다.|7. 과카몰리는 나초와 함께 드시면 됩니다"
22,양념치킨,"물엿 4큰술,다진 마늘 2큰술,케찹 2큰술,설탕 2큰술,고추장 1큰술,고춧가루 1큰술,물 1큰술,간장 1큰술","1. 냄비나 웍에 고춧가루 1Ts과 설탕 2Ts, 간장 1Ts을 넣어주세요|2. 물 1Ts과 물엿 4Ts까지 넣어줍니다|3. 케찹 2Ts과 다진 마늘 2Ts을 넣고|4. 마지막으로 고추장 1Ts까지 넣어주세요|5. 잘 섞은 뒤 끓여주세요|6. 보글 보글 끓으면 불을 끄고 한김 식힌 다음 열탕 소독한 병에 보관하면 된답니다:)|7. 소스를 활용하기 위해 닭을 튀겨줍니다|8. 그리고 양념치킨 소스를 부어 붓으로 골고루 발라줬어요|9. 백종원 양념치킨 소스로 맛있는 양념치킨이 완성되었습니다:)"
23,젓갈,"배추 1포기,무 1/2개,쪽파 10줄기,당근 1/2개,홍고추 4개,천일염 8주먹,쌀밥 2/3공기,천일염 2T,양파 1개,배 1개,마늘 12개,생강청 2T","1. 배추는 윗부분에서 반으로 칼집내서|2. 쩍 가르고 (배추도사님 모신다~ 생각하시고 조심스레 해주셔요~지는 성격급해 팍팍하다 보니 잎이 좀 뜯겼어욤ㅠ)|3. 반자른 도사님 마찬가지로 윗부분만 칼집넣어 쩍~! 총 4등분으로 잘라 주세요~~|4. 굵은 잎부분에 소금을 켜켜히 뿌려주시고 물도 대접으로 한대접 정도 넣어 절어주세요~저는 천일염 8주먹정도 사용 했어요~|5. 쌀밥을 밥공기기준 2/3정도 양이랑 물은 대접으로 한대접반 넣고 끓여서 밥풀을 만들어 주세요~ 국물이 넉넉한게 좋으시면 더넣어주셔요~(배추는 숙성 과정에서 물이 생기는걸 감안 해주시구요^~^)|6. 그사이 무반개도 채썰어 소금에 절여 주시구요|7. 당근 반개도 채썰어 소금에 절여 주세요^~^ 무랑 당근은 약간 흐물흐물해질 정도만 절이시믄 되요^~^|8. 홍고추 4개는 씨를 빼고 채썰어 주시구요~|9. 쪽파 10개도 적당크기로 잘라 주세요~|10. 밥풀은 끓이시다 사진정도로 불어졌다 싶으실때 꺼서 식혀 주세요 ~ (귀찮다 하시믄 어차피 밥풀도 믹서기에 같이 갈아야하기 때문에 굳이 안끓이 셔두되요^~^ 저는 좀더 위생적이라고 끓여 줬어요^^)|11. 이렇게 해서 ~절인무반, 절인당근반,양파하나,배하나,생강청은2스푼만,마늘12개(사이즈가 커서 12개인데 사이즈가 작으시믄15개정도),홍고추4개,쪽파10개 썰어주심 배추속은 다준비 되었어요 ^~^  (생강청이 없으시면 생강 마늘 만한거 3개정도 준비하시면 되구요 저는 새콤 하면서도 달달한게 좋아서 배도 한개 다사용 했어요ㅎㅎ)|12. 믹서기에 밥풀이랑 같이 넣어가며 마늘,생강,양파,배를 넣고 갈아주세요~~ 천일염 2스푼도 넣어 충분히 저어준후 간을 맞춰 주시구요~ 모지란간은 천일염으로 해주시고 단맛이 부족할때는 배를 좀더 갈아 넣어주시는게 설탕보다는 좋을꺼 같아요^~^(절인 배추의 간도 있으니 너무 짭게는 하지 마셔요 ㅎㅎ)|13. 손질한 배추속 재료를 다넣고|14. 잘 섞어 주세요~|15. 배추를 반나절은 절인거 같아요~ 3번정도 씻어 물기를 빼고, 배추속 양념은 배추가 다 절여지기 전에 미리 만들어 놓으셨으면  향이 빠져나가지않게 밀봉해두셨다가|16. 절인 배추 사이사이에 양념을 넣어 주세요~|17. 양념이 혹시나 모지랄까봐 속재료를 쪼매 아꼈더니 위가 지저븐 하네요ㅎㅎ|18. 김치통에 넣고 일회용 비닐팩을 덮어서 실온에 익혀 주세요~ 더위생적이고 이물질이 안들어 갈꺼 같아 씌워봤어요ㅎㅎ|19. 정확히 이틀 뒤에 개봉했는데. . . 와. . 저 이런말 해두 될지. . 제가 만들었지만 정말 맛있어요~!!!!!☞☜  새콤달짝지근 제가 딱 원하던 그맛~!!!!!! 너무너무너무 맛있어서 만들땐 좀 귀찮았는데 두포기 안담은게 너무 후회스럽네요. . ㅜ 아직 약간 덜익었는데 너무 맛있어서 못참고 먹습니다ㅎㅎ"
24,콩자반,"검은콩 250g ,콩 불린물 150ml,간장 5스푼,카놀라유 1스푼,설탕 2스푼,올리고당 2스푼,통깨 약간",1. 콩 250g을 3번 정도 세척한 뒤 콩이 잠길 정도의 물을 넣고 1시간 정도 불려줍니다.|2. 불린 콩을 냄비에 넣고 불린 물을 150ml를 부어 자작하게 만들어줍니다.|3. 간장 5스푼을 넣어줍니다.|4. 카놀라유 1스푼을 넣어줍니다.|5. 설탕 2큰술을 넣어줍니다.|6. 보글보글 끓여주다가 물이 어느정도 졸으면 약불로 줄여 끓여주세요.|7. 이 정도까지 졸여지면|8. 올리고당 2스푼 정도 넣어서 단맛을 조절해줍니다.|9. 통깨를 넣어 마무리!|10. 콩불리는 시간이 오래 걸려서 그렇지 콩자반레시피는 정말 쉬워요!!|11. 서리태를 오래 불려서 만든거라 씹는 식감도 좋고 짭쪼롬하면서 달달하기까지해 간도 아주 굿!!
25,편육,"뼈 없는 닭발 1kg ,돼지껍데기 1kg ,밀가루,소금,대파 3대,양파 2개,마늘 5T,청양고추 15개,홍고추 5개,감초 1줌,황기 3뿌리,당귀 1줌,오가피 1줌,파뿌리 10개,파 2대,생강 3쪽,간장 4T,후춧가루 1T,소금 1T,고춧가루 4T,고운고춧가루 1T,흑임자 1T,깨 1T","1. 1.양념국물 끓일 재료를 씻어 준다|2. 2.끓인 후 걸러준다(약불1시간정도) (물3L, 감초, 당귀, 황기, 오가피, 파뿌리, 생강, 파2대)|3. 3.닭발을 밀가루, 소금으로 박박 문질러 깨끗이 씻어준다|4. 4.닭발의 잔뼈를 제거 후 씻어준다|5. 5.돼지껍데기를 씻어준다|6. 6.닭발을 끓는 물에 데쳐준다|7. 7.돼지껍데기를 끓는 물에 데친 후 기름기를 제거 후 썰어준다|8. 8.걸러준 양념국물에 닭발, 돼지껍데기를 넣고 40분이상 끓여준다.|9. 9.양파를 다져준다|10. 10.대파를 다져준다|11. 11.마늘을 다져준다|12. 12.홍고추를 다져준다|13. 13.청양고추를 다져준다|14. 14.마늘, 대파, 양파, 청양고추, 홍고추 순서로 볶아준다|15. 15.닭 육수 2컵을 넣고 간장, 후추, 고춧가루를 넣고 졸여준다|16. 16.끓인 양념을 닭발과 돼지껍데기에 부어 국물이 자작하게 졸여준다|17. 17.틀에 부어 굳혀준다"
26,피자,"또띠아 2장,간마늘 1T,피자치즈 200g,토마토소스 2T",1. 먼저 고르곤졸라 피자를 만들꺼에요  팬에 또띠아를 올려주구요|2. 간마늘을 쫙 펴줄꺼에요.|3. 간마늘을 얇게 쫙 펴줍니다.|4. 피자치즈를 그위에 쫙펴주면 준비는 끝  여기서 치즈를 끝쪽은 조금 남기고  뿌려줍니다.  치즈가 녹으면서 흐를수 있으므로...|5. 팬 뚜껑을 덮고   3분정도 약불에 놓으면   요렇게 피자완성~~~|6. 요렇게 알맞은 크기로 잘라서   먹으면 됩니다.  꿀을 같이 찍어 먹으면 되지요  바삭하고 쭉 늘어나니 너무 좋아요.|7. 초 간단으로 집에서 만들어 먹는  고르곤졸라 피자에요.|8. 원하는만큼 치츠도 듬뿍 넣어  먹을수있는게 좋은거 같아요.  달달한 꿀과 함께 라면  맛있다는|9. 이번은 시판용 토마토 소스로 만드는  초간단 피자에요   시판용 토마토소스를  또띠아에 골고루 바른후|10. 피자치즈를 골고루 뿌려주고|11. 팬 뚜껑 덮고 약불에서 3분이면  완성!|12. 아이들은 요걸 너무 좋아하드라구요.  소스맛이 맛있는거 같아요|13. 피자피즈 쭉쭉 늘어나는거 보이나요?|14. 요것도 꿀을 콕 찍어 먹으면 좋아요.  아이들과 이렇게 해먹으면  좋을것 같아요.
27,후라이드_치킨,"닭고기,감자 1개,물엿 2.5C,케첩 1C,고추장 0.5C,진간장 0.5C,간마늘 1C,고운고춧가루 0.5C,황설탕 1C,물 0.5C","1. 먼저 닭볶음용 생닭을 준비해 주세요  중닭 크기를 준비하시면 알맞구요  마체프는 좀 더 깔끔하게 튀기려고 닭봉으로만 준비했어요     닭 밑간은 소금과, 후추!  맛소금은 밥숟가락 반 정도, 후추는 듬뿍 넣어주시구요  그리고 비린 맛을 잡기 위해 우유 한컵을 넣어주세요|2. 우유에 재워뒀던 닭고기위에  튀김가루 한컵을 뿌려준 후 조물조물해주세요|3. 깨끗한 비닐봉지를 준비해 튀김가루 반컵을 바닥에 까ㄹ고 튀김가루가 깔린 비닐봉지 안에 닭고기를 넣은 후 닭고기 위에 또 한번 반컵 튀김가루를 뿌려주세요     풍선놀이를 하듯 비닐봉지를 부풀려잡고  마구 흔들어 튀김가루와 닭고기가 고루 섞이도록 흔들어주세요     이렇게 하면 시판 후라이드 치킨 같이 튀김 결이 살아나게 튀길 수 있답니다|4. 이제 마체프 냄비에 튀김을 할텐데요  마체프 냄비는 통5중 스텐냄비라 열을 고르게 전달해 주고요  냄비 뚜껑을 닫아놓고 튀기면 기름 냄새도 많이 나지 않게  튀김 요리를 할 수 있답니다|5. 마체프 냄비에 기름을 충분히 넣어 주시구요  마체프 전기렌지에 열을 올려서  사진 처럼 기름에 약간의 크랙이 생길때까지 기다리셨다가|6. 닭 투하~!!|7. 마체프로는 감자도 큼직하게 썰어서 같이 튀겼어요  따로 튀김옷을 입히지 않아도 어메이징하게 튀겨진답니다~|8. 그리고 마체프 후라이팬을 준비해서  양념치킨 소스를 만들거에요|9. [양념치킨 소스 레시피]  소스는 모두 종이컵으로 계량하는 것, 아시죠?|10. 분량의 재료를 마체프 후라이팬에 넣고  보글보글~ 끓여주기만 하면 끝~|11. 마체프 전기렌지 위에서  왼쪽 마체프 냄비에서는 치킨이 튀겨지고  오른쪽 마체프 후라이팬에서는 양념치킨 소스 끓이고~  아름답지요? ㅎㅎㅎ|12. 색이 노릇노릇하게 나올때까지  마체프 냄비 뚜껑을 닫고 익히면|13. 사먹을 필요 없는, 후라이드 치킨 완성!!|14. 비닐봉지에 튀김가루를 반으로 나눠서 넣은 다음  흔들어서 튀김 옷을 만드니  정말 시판 후라이드처럼 튀김결이 정말 살아있더라고요     겉은 바삭, 속은 촉촉한 감자튀김까지~!  양념치킨 소스에 포옥~! 찍어먹으면 그 맛이 아주 굳!     꼭 만들어 보세요~"
28,갓김치,"갓 2단,쪽파 1/2단,절이는소금(천일염) 1컵,물 1L,고춧가루 1.5컵 ,홍고추간것 1컵,까나리액젓 1컵,새우젓 3큰술,매실청 2/3컵,설탕 2큰술,통깨 1/2컵,물 500ml,밀가루 8큰술","1. 요런 갓이 2단입니다.|2. 갓이 싱싱하고 좋아서  떡잎도 없고 별로 손질할게 없더라고요.|3. 갓에 물 1L 축여주고요.|4. 소금은 계량컵으로 한 컵.|5. 소금에 절이는 시간은 1시간 30분 정도. 갓 잎이 숨이 죽을 정도까지만 두면 된답니다.|6. 갓이 절여지는 동안 밀가루 풀을 쑤었어요. 강력분이라 차지기도 해요.|7. 갓이 잎이 절여졌길래|8. 5번 씻어 건졌어요. 수분은 제거하지 않고 그대로 뒀어요.|9. 갓김치 담그는법. 고춧가루 1+1/2컵, 홍고추간것 1컵, 풀쑨것 모두, 까나리액젓 1컵, 매실청 2/3컵,  마늘 3큰술|10. 새우젓 3큰술과 통깨 1/2컵 넣고요.|11. 휘릭 버물버물~ 마지막 간을 보니  단 맛이 부족해서 설탕 2큰술 추가했어요.|12. 양념을 갓김치에 살살 발라주면 되는데요.|13. 앗! 쪽파를 잊었네요. 쪽파 넣고|14. 양념을 살살 펴 바릅니다. 갓김치 사이사이에 쪽파를 껴 넣으면서 ㅎㅎ|15. 통에 담고 마무리 ~"
29,깍두기,"무 2개,고춧가루 5T,천일염 3T,다진 마늘 2T,설탕 3T,멸치액젓 2~3T,쪽파 적당히 (or 대파)","1. 무는 깍둑깍둑 깍둑썰기 해주세요~ 소금에 절여지면서 줄어드니까 너무 작게는 썰지마시고요.|2. 고춧가루 5T 넣어 색을 먼저 입히고~ 버무려주세요.|3. 나머지 양념넣고 버무려주세요. (천일염3T, 설탕3T, 다진마늘2T, 멸치액젓2~3T, 파)|4. 끝이예요! 너무 간단한가요? ㅎㅎ 소금에 먼저 절이기도 하지만 이정도양은 그냥 같이 버무려도 괜찮더라고요~|5. 버무려서 통에 옮겨담았어요~ 색도 빨갛게 너무 예쁘게 나왔어요. 하루 실온에 두고 다음날 냉장고에 넣어주세요. 초보인지도 모를 비주얼~ ㅋㅋ"
30,나박김치,"배추잎 10장,무 1/3개,통마늘 5개,당근 1/2개,쪽파 1움큼 ,홍고추 2개,고추가루 5스푼,설탕 3스푼,생강가루 1/2티스푼,소금 3.5스푼,생수 2L ","1. 재료:배추잎 10장,무1/3개,통마늘5개,당근1/2개,쪽파한웅큼,홍고추2개     양념재료: 고추가루5스푼,설탕3스푼,생강가루1/2티스푼,소금3스푼반,생수2리터|2. 물3컵을 준비한뒤 고추가루5스푼을 넣어줍니다.|3. 물과 고추가루가 잘섞이도록 풀어주세요.|4. 통마늘5개를 준비한뒤 채썰어서 준비|5. 당근1/2개를 준비해서 얇게 4등분해서 썰어주세요.|6. 쪽파는 한웅큼을 준비해서 10cm정도로 잘라주시는데 쪽파가 없으면 미나리로대체 가능합니다.|7. 무1/3토막을 나박썰어서 준비합니다.|8. 배추잎10장정도도 먹기 좋게 썰어서 준비|9. 홍고추는 어슷썰어준뒤 고추씨를 모두 제거해주세요.|10. 그릇에 면보를 씌운뒤 고추가루물을 부어줍니다.|11. 면보를 꾸욱 짜서 고추가루와 고추가루물을 분리해주세요     여기서 고추가루 물만 사용할거예요^^|12. 고추가루물에 소금3스푼반,생강가루1/2티스푼,설탕3스푼을 넣어서 풀어줍니다.|13. 큼직한 김치통에      무-배추-당근-쪽파-홍고추      순으로 차곡차곡 넣어줍니다.|14. 고추가루물을 부어준뒤 물 2L를 넣어주세요|15. 고추가루물과 물이 잘섞이도록 풀어준뒤 밖에서 3시간 이상 보관해주세요     바로 먹기 위해 조금 익혀주는 과정이예요     3시간이상 밖에서 보관하다가 냉장고에 넣기전 간을 보고      소금이나 설탕으로 부족한 간을 맞추어준뒤 냉장고에 보관후 차갑게 드시면 됩니다.|16. 초간단 나박김치 만드는법이었어요"
31,무생채,"무 600g,고춧가루 2큰술,다진 마늘 1큰술,설탕 1큰술,오미자청 1큰술 (또는 매실청),식초 2큰술,액젓 2큰술,소금 적당량,통깨 적당량,송송 썬 대파 1종이컵","1. 먼저 무는 깨끗이 씻은 후 가늘게 채 썰어주세요. *최대한 가늘게 채 썰어주셔야 양념이 잘 배고요. 무 껍질은 벗기셔도 되고 안 벗기셔도 됩니다 :)|2. 고춧가루 2 큰 술을 넣고 바락바락 문질러 무를 빨갛게 물들여주세요.|3. 다진 마늘 1 큰 술, 설탕 1 큰 술, 오미자청(또는 매실청) 1 큰 술, 식초 2 큰 술을 넣어주시고요.|4. 이어서 액젓 2 큰 술, 소금 적당량을 넣고 조물조물 무쳐 맛을 봐주세요. 약간 싱거우시면 소금을 더 넣어주시고요. 새콤한 맛을 더 느끼고 싶으신 분들은 식초를 조금 더 넣어주세요 :) 마지막으로 통깨와 송송 썬 대파를 넣고 가볍게 섞어주기만 하면 무생채 만드는 법, 끝 ~♩"
32,배추김치,"쪽파 1줌,양파 1개,마늘 8큰술 (양념은 모두 계량스푼기준),까나리액젓 8큰술,고춧가루 2컵 (400ml),새우젓 3큰술 (크게),매실청 150ml,소금 2큰술,설탕 2큰술,생강 1큰술,소금 2컵 (400ml),배추 3통,물 800ml,밀가루 100ml,물 2컵 (400ml)","1. 배추 3통 한망~~ 아직 가을배추가 남아있더라고요.~~ 햇배추는 잘 무르기도 하고 맛도 가을배추만 못하지요. 그래서 배추에 푸른색은 찾아볼 길 없어요. 하지만 배춧속이 노란 게 을매나 달달하고 고소한지 다들 아시죠?|2. 배추를 마구마구 막 썰어주세요.~~ 내 맘대로 막~~!! 위에 소금도 솔솔 뿌리고요.|3. 그런 다음 소금을 물에 타서 절여주세요.~~|4. ​소금으로 절이는 시간은 4시간~~ 중간중간 뒤집어 주시고 ㅎㅎ 날씨가 따뜻해져서인가 숨이 금방 죽더라고요.~~ 배춧속이 노오란 게 아주 맛나 보이죠? 이렇게 노란 배추로 김치를 담으면 아무리 양념을 잘못해도 기본적인 맛은 나와요.^^~~~|5. ​  배추는 5번 정도 깨끗이 씻어건지고 물기를 빼주는 시간에 양념을 만들어 주시면 돼요.^^~​  ​|6. ​양파, 마늘, 쪽파 ~ 쪽파는 배추 썰은 길이만큼 썰어주면 김치 담았을 때 깔끔해 보이더라고요.  풀도 넣고 젓갈(새우젓, 까나리액젓)을 넣고 고춧가루도 넣고 매실청도 넣고 생강 투하 ~~  설탕보다 매실청을 넣으면  익으면 더 맛지답니다.^^~~​   ​  ​|7. 기본양념을 들들~ 들 잘 섞어주고 양념이 빛깔 좋게 만들어지면  ​|8. 배추와 양념을 골고루 버무려주면 김치는 완성입니다.|9. 배추김치는 하루 밖에 두었다가  김치냉장고에 넣으심 아주 맛깔스러운 김치를 드실 수 있답니다. 한동안은 김치 걱정은 하지 않아도 될 것 같아요.^^~~"
33,백김치,"배추 1포기,무 1/2개,쪽파 10줄기,당근 1/2개,홍고추 4개,천일염 8주먹,쌀밥 2/3공기,천일염 2T,양파 1개,배 1개,마늘 12개,생강청 2T","1. 배추는 윗부분에서 반으로 칼집내서|2. 쩍 가르고 (배추도사님 모신다~ 생각하시고 조심스레 해주셔요~지는 성격급해 팍팍하다 보니 잎이 좀 뜯겼어욤ㅠ)|3. 반자른 도사님 마찬가지로 윗부분만 칼집넣어 쩍~! 총 4등분으로 잘라 주세요~~|4. 굵은 잎부분에 소금을 켜켜히 뿌려주시고 물도 대접으로 한대접 정도 넣어 절어주세요~저는 천일염 8주먹정도 사용 했어요~|5. 쌀밥을 밥공기기준 2/3정도 양이랑 물은 대접으로 한대접반 넣고 끓여서 밥풀을 만들어 주세요~ 국물이 넉넉한게 좋으시면 더넣어주셔요~(배추는 숙성 과정에서 물이 생기는걸 감안 해주시구요^~^)|6. 그사이 무반개도 채썰어 소금에 절여 주시구요|7. 당근 반개도 채썰어 소금에 절여 주세요^~^ 무랑 당근은 약간 흐물흐물해질 정도만 절이시믄 되요^~^|8. 홍고추 4개는 씨를 빼고 채썰어 주시구요~|9. 쪽파 10개도 적당크기로 잘라 주세요~|10. 밥풀은 끓이시다 사진정도로 불어졌다 싶으실때 꺼서 식혀 주세요 ~ (귀찮다 하시믄 어차피 밥풀도 믹서기에 같이 갈아야하기 때문에 굳이 안끓이 셔두되요^~^ 저는 좀더 위생적이라고 끓여 줬어요^^)|11. 이렇게 해서 ~절인무반, 절인당근반,양파하나,배하나,생강청은2스푼만,마늘12개(사이즈가 커서 12개인데 사이즈가 작으시믄15개정도),홍고추4개,쪽파10개 썰어주심 배추속은 다준비 되었어요 ^~^  (생강청이 없으시면 생강 마늘 만한거 3개정도 준비하시면 되구요 저는 새콤 하면서도 달달한게 좋아서 배도 한개 다사용 했어요ㅎㅎ)|12. 믹서기에 밥풀이랑 같이 넣어가며 마늘,생강,양파,배를 넣고 갈아주세요~~ 천일염 2스푼도 넣어 충분히 저어준후 간을 맞춰 주시구요~ 모지란간은 천일염으로 해주시고 단맛이 부족할때는 배를 좀더 갈아 넣어주시는게 설탕보다는 좋을꺼 같아요^~^(절인 배추의 간도 있으니 너무 짭게는 하지 마셔요 ㅎㅎ)|13. 손질한 배추속 재료를 다넣고|14. 잘 섞어 주세요~|15. 배추를 반나절은 절인거 같아요~ 3번정도 씻어 물기를 빼고, 배추속 양념은 배추가 다 절여지기 전에 미리 만들어 놓으셨으면  향이 빠져나가지않게 밀봉해두셨다가|16. 절인 배추 사이사이에 양념을 넣어 주세요~|17. 양념이 혹시나 모지랄까봐 속재료를 쪼매 아꼈더니 위가 지저븐 하네요ㅎㅎ|18. 김치통에 넣고 일회용 비닐팩을 덮어서 실온에 익혀 주세요~ 더위생적이고 이물질이 안들어 갈꺼 같아 씌워봤어요ㅎㅎ|19. 정확히 이틀 뒤에 개봉했는데. . . 와. . 저 이런말 해두 될지. . 제가 만들었지만 정말 맛있어요~!!!!!☞☜  새콤달짝지근 제가 딱 원하던 그맛~!!!!!! 너무너무너무 맛있어서 만들땐 좀 귀찮았는데 두포기 안담은게 너무 후회스럽네요. . ㅜ 아직 약간 덜익었는데 너무 맛있어서 못참고 먹습니다ㅎㅎ"
34,부추김치,"부추 1단,찹쌀풀 1컵,고춧가루 1.5컵,멸치액젓 1/2컵,마늘 1큰술,생강 약간,매실청 2큰술","1. 부추는 시간을 들려 깨끗하게 다듬고 찬물에 담궈 이물질을 가라앉히면서 4~5번 살살 씻어줘요. 씻은 후 채반에 올려 물기를 빼주구요|2. 풀을 쑤어 놓은 것이 좀 있어서 찹쌀풀 1컵에 고춧가루 1컵반, 멸치액젓, 마늘, 생강, 매실청을 넣어서 고춧가루를 미리 불려두었어요.|3. 풀을 넣어 끈끈한 양념이 만들어졌어요.|4. 양념을 옆으로 미루놓고 부추를 한쪽에 넣어요.|5. 양념을 올려 결대로 살살 문질러 주고 살짝 뒤집어서 또 양념 바르고 반 갈라 펼쳐서 양념 바르고 또 뒤집어서 양념 바르고....뒤적이는게 아니라 그저 로션 바른다 생각하며 양념을 발라줘야 풋내가 안나요.|6. 뒤적이기만 해도 양념이 골고루 잘 입혀졌어요. 부추가 그리 억센게 아니어서 생김치로 먹는게 더 맛날거 같네요.|7. 길이를 짧게 하기보다 통째로 담아서 먹을 때 조금씩 넣어 한두줄기씩 쑤욱 올려 먹는게 더 맛나요. 고기 쌈 먹을때도 좋고 조미하지 않은 김에 올려서 먹으니 진짜 좋더라구요."
35,열무김치,"열무 1단,부추,양파,고추,찹쌀가루,고춧가루 9큰술,마늘 3큰술,소금 5큰술,매실액 4큰술,생강 1큰술","1. 열무는 5cm 정도로 썰고 깨끗이 행궈준 뒤 물기를 빼주세요|2. 찹쌀 1컵(200ml)과 물 3컵(600ml)을 섞어주세요|3. 끓는물 1700cc에 풀어놓은 찹쌀풀을 넣고 잘 섞어주세요~~|4. 부추 대신 쪽파, 양파, 홍고추, 풋고추를 썰어주세요|5. 찹쌀풀은 식혀주세요~~ 풀을 먼저 만들어주시고 김치 손질하시는 게 좋을 거 같아요!!|6. 풀에 양념장 섞은 거에요~|7. 양념장과 김치를 잘 버무려주세요|8. 요거는 하루 지나고 찍은 거에요 막 담궜을 때보다 색깔이 더 밝아졌죠ㅎㅎ"
36,오이소박이,"오이 4개,양파 1개,당근 1/3개,부추 1줌,물 800ml,소금 4T,멸치액젓 2T,새우젓 1/3T,고추가루 4T,다진마늘 1T,설탕 1T","1. 먼저 굵은 소금으로 깨끗이 씻은 오이는 한개당 4등분으로 잘라 주세요. 오이 아래쪽에 약 1cm정도 여유를 두고 십자 모양으로 잘라줍니다.|2. 물 800ml에 굵은 소금4스푼을 넣고 센불에서 팔팔 끓여 줍니다. 백주부님의 아삭한 오이소박이 비법은 바로 이 뜨거운 소금물을 사용하는 거랍니다|3. 오이에 팔팔 끓은 소금물을 부어 약 30분 정도 절여 주세요. 이렇게 뜨거운 물을 부어주면 오이가 아삭하답니다.절이면서 한두번 뒤적뒤적 해주세요.|4. 오이가 절여지는 동안 부추,양파,당근을 썰어주세요.|5. 멸치액젓2스푼,새우젓1/3스푼,고추가루4스푼,다진마늘1스푼,설탕1스푼을 섞어 양념장을 만들어 주시구요. 손질한 부추,양파,당근을 넣고 가볍게 버무려 줍니다|6. 절여진 오이는 체에 받쳐 물기를 제거해 준 뒤 방금 만든 양념장을 오이속으로 적당히 넣어주시면 끝입니다|7. 요리초보도 실패없는 아삭한 백주부님 오이소박이 완성입니다|8. 한개 먹어보니 아삭한 식감에 간도 딱 맞아서 맛있네요. 입맛 없을때 밥에 물 말아 같이 먹음 없던 입맛도 돌아옵니다^^"
37,총각김치,"알타리무 3단,쪽파 1/2단,물 3L,굵은소금 3컵,찹쌀가루 3큰술,물 2컵,고춧가루 3컵,멸치액젓 1컵,새우젓 4큰술,다진마늘 6큰술,갈은 양파 1컵,설탕 4.5큰술","1. 먼저 알타리무(3단)는 무와 무청사이의 흙을 칼로 다듬어준 뒤, 흐르는 물에 2번정도 씻어줍니다. 저는 무에 상처가 나지 않도록. 부드러운 수세미로 겉 흙만 제거할 정도로 닦아주었습니다.|2. 그리고 굵은소금(3컵)을 뿌린 뒤, 물(3L)를 부어 2시간정도 절여줍니다. 무를 썰지 않고 절이므로 좀 오래 절여야해요. 2시간이 정닥하답니다. 알타리무 1단당 굵은소금 1컵, 물 1L를 부어주심 되어요. 좀 더 빨리 절이고 하려면 알타리무를 2등분해서 1시간정도 절이면 됩니다.|3. 무가 절여질동안 찹쌀풀을 만드는데요. 냄비에 찹쌀가루(3), 물(2컵)을 부어 덩어리 없이 잘 풀고, 불에 올려 숟가락으로 저어가며 끓입니다. 보글보글 끓으면 1분정도 더 저어가며 걸쭉하게 끓여준 뒤 찹쌀풀을 만듭니다. 찹쌀가루가 없다면 찹쌀가루 대신 밀가루(3)를 넣어주세요. 그럼 밀가루풀이 됩니다.|4. 고춧가루(3컵)+ 멸치액젓(1컵)+ 새우젓(4)+ 다진마늘(6)+ 양파갈은것(1컵)+ 설탕(4.5) 위 재료와 위에서 만든 찹쌀풀을 넣어 양념장을 만들고, 양파를 갈아서 넣으면 시원하니 맛있답니다.|5. 쪽파(1/2단)는 깨끗이 다듬어 손가락 길이만큼 썰어 준비합니다.|6. 2시간정도 절여진 알타리무는 흐르는물에 2번정도 깨끗이 헹궈 체반에 받쳐 물기를 빼준 뒤, 쪽파(1/2단), 양념장을 넣고 살살 밑에서 위로 버무려줍니다. 무청이 떨어지지 않게 두손으로 살살 버무려주세요.|7. 그리고 무청은 떨어지지 않게 무에 돌돌 감고|8. 김치통에 나란히 차곡차곡 담아준 뒤, 실온에서 2일정도 숙성시켜 냉장보관하면 됩니다. 알타리무를 썰지 않아서 좀 오래 숙성시켜야 익어요. 전 이틀정도 실온에 둔 뒤 냉장보관했습니다. 그리고 먹을때 2등분으로 해서 먹었습니다. 꼭 익으면 냉장보관 하시구요. 냉장고에서 익으면 맛이 없답니다. 실온에 두면 국물도 자작하게 나와서 걸쭉해집니다."
38,파김치,"쪽파 1단,설탕 2.5Ts,고춧가루 15Ts,물 10Ts,멸치액젓 15Ts,다진마늘 3Ts","1. 쪽파는 깨끗이 다듬고 흐르는 물에 깨끗이 씻어주세요. 물기를 제거해주세요.|2. 설탕2.5Ts,고춧가루 15Ts,물10Ts,멸치액젓15Ts,다진마늘3Ts를 만들어 놓고|3. 쟁반에 파를 조금씩 잡고 골고루 조금씩 뭍혀주세요. 머리부분에 더 꼼꼼히 발라주셔야 좋아요.|4. 먹기좋을 정도로 돌돌말아주셔도 좋고 그냥 펴서 켜켜히 담고 살짝 눌러주세요."
39,가지볶음,"가지 2개,고추 1개,양파 1/4개,대파 1대,참기름 1큰술,통깨 0.5큰술,간장 2큰술,굴소스 1큰술,설탕 1큰술,다진마늘 0.5큰술,고추가루 0.5큰술","1. 먼저 가지를 먹기좋게 썰어주어요,저처럼 동글하게 썰어도 좋고, 손가락 만하게 썰어도 OK!|2. 양파는 채썰고, 파와 고추는 너무 얇지않게 쫑쫑~ 썰어주세요.  ​|3. 분량의 양념장을 만들어 주세요.|4. 넉넉하게 기름을 두른 팬에 파를 먼저 넣고 볶아서 파향을 내어 주면 볶음의 풍미가 훨씬 좋아진답니다.|5. 파가 노릇해질때 가지와 양파를 넣고 계속 볶아주어요.  ​|6. 가지가 어느정도 익으면 양념장을 넣고 양념이 잘 베이도록 볶아줍니다.|7. 완성무렵에 참기름 1큰술 휘리릭~ 둘러주고요, 고추도 넣어줍니다. 지금 고추를 넣으면 씹히는 맛이 있어 좋더라구요.|8. 마지막으로 통깨 0.5큰술 톡톡톡~ 완성입니다 : )|9. 가지는 호불호가 있는 채소인데 이렇게 맛있게 볶는다면 아마도 모든분들이 만족하며 드실 수 있으실 거에요 : D"
40,고사리나물,"불린 고사리 2줌,대파 1/2대,다진 마늘 1T,국간장 2T,들기름 1T,식용유 약간",1. 하루전날 불린 고사리는 냄비에 넣고 불린물도 부어주고 충분한 물에 고사리가 넉넉히 잠길만큼의 물을 넣고 중불에 올리고 끓기 시작해 약15~20분간 뚜껑덮고 삶아줍니다|2. 삶아진 고사리는 씻어 물기제거하고 긴 것은 잘라줍니다|3. 대파는 송송 다진마늘1을 준비하고|4. 달궈진 팬에(중불)에 식용유 약간을 넣고 고사리를 볶다가 파 마늘을 넣고 볶기~ 국간장 2를 넣고 버무려주세요|5. 들기름2T를 넣고 볶아주세요 빠르게 조금만 볶아요~|6. 볶아진 고사리에 부족한 간은 국간장으로 하고|7. 접시에 담고 깨소금 뿌려냅니다
41,미역줄기볶음,"염장 미역줄기 1팩 (300g),당근 1/6개,양파(중) 1/3개,식용유 2큰술,다진마늘 1큰술,국간장 1/2큰술,참기름 1큰술,깨 1/2큰술","1. 염장 미역줄기는 흐르는 물에 3-4번 정도 씻은 후 찬물에 15분간 담가 소금기를 빼주세요.|2. 미역줄기는 물기를 꼭 짠 뒤 한입 크기(4cm)로 썰어주세요.|3. 양파와 당근은 채 썰어주세요.|4. 팬에 식용유를 두르고 중불에서 다진마늘 1큰술을 볶아주세요.|5. 향이 올라오면 강불로 올려 채썬 양파와 당근을 넣고 1분간 볶아주세요.|6. 미역줄기를 넣고 1분, 국간장 1/2큰술을 넣고 3분 볶아주세요.|7. 참기름 1큰술과 깨 1/2큰술을 넣어 30초간 더 볶아주면 완성이에요."
42,숙주나물,"숙주나물 300g,소금 1ts,참치액 1Ts,다진 마늘 1Ts,참기름 1Ts","1. 숙주나물은 물에 흔들어 가면 씻는다.|2. 씻은 숙주나물은 물기를 제거한다.|3. 물기를 제거한 숙주나물에 소금을 넣고 버무린다.|4. 바닥이 두꺼운 냄비에 체반을 올려 준다.|5. 체반위에 숙주를 깔아 준다.|6. 뚜껑을 덮어 센 불로 가열한 후 김이 나면 불을 끄고 1분 정도 기다린다.|7. 숙주나물은 그릇에 담아 식혀 준다.|8. 참치액, 다진 마늘, 참기름을 넣고 버무린다."
43,애호박볶음,"애호박 1개,양파 1/2개,들기름 1스푼,새우젓 1스푼,다진마늘 1/2스푼,통깨 약간",1. 깨끗이 씻은 애호박은 길게 자른 후 두께 약 0.5cm 정도 반달 모양으로 썰어 주시고요|2. 양파는 채썰어서 준비 하고요|3. 후라이팬에 들기름 두르고 양파와호박을 넣고 센불에서 볶아줍니다 (호박은 센불에 볶아야 색이   변하지 않고 녹색을 유지합니다)|4. 바로 새우젓과 갈은마늘도넣고 볶아도 호박은 금방익고 아삭한 맛이 살아 나며 고소 하지요|5. 예쁜 녹색을 식탁까지 유지하려면 볶은호박을 넓은접시나 쟁반에 얇게펴서 시원한곳에서 식혀주세요 후라이팬에 오래두면 색이 바로 변해 버립니다|6. 통깨솔솔 뿌리면 애호박볶음이 완성됩니다^^
44,경단,"건식찹쌀가루 400g,뜨거운 물 200ml,소금 약간,설탕 1큰술,카스테라 빵 80g,단호박가루 1작은술,녹차가루 1작은술,계핏가루 1작은술","1. 볼에 건식 찹쌀가루,소금,설탕 등을 섞어줍니다.|2. 뜨거운 물을 넣어가면 익반죽을 해줍니다.|3. 반죽을 한 덩어리로 만들어 손으로 잘 치대줍니다.|4. 반죽을 적당히 떼어 동글한 모양으로 빚어 줍니다.|5. 준비된 경단을 마르지 않도록  위에 랩으로 씌워줍니다.|6. 카스테라를 갈색 부분은 떼어주고 체로 곱게 내려줍니다.|7. 카스테라를 4등분 한 다음 카스텔라,단호박가루,계핏가루,녹차가루를 각각 섞어 줍니다.|8. 끓는 물에 경단을 넣고 삶아줍니다. 경단이 둥실둥실 떠오를 때까지 끓여줍니다.|9. 찬물에 헹궈줍니다.|10. 체에 밭쳐 물기를 빼줍니다.|11. 경단을 카스테라 고물에  각각 묻혀줍니다."
45,꿀떡,"떡국떡 2종이컵,간장 2숟가락,참기름 1숟가락,꿀 4숟가락,검은깨 1숟가락",1. 떡국떡은 물에 담가 5~10분 불린다.|2. 양념장을 만든다.|3. 달군 팬에 식용유를 두르고 떡국떡을 넣어 노릇하게 구운 후 양념장을 넣고 섞는다.|4. 양념을 묻힌 떡에 검은깨를 뿌려 완성한다.
46,송편,"건식 멥쌀가루 600g,실온 물 460g,소금 7g,백년초 약간,쑥 약간,단호박가루 약간,깨 1/2컵,설탕 1큰술,앙금 약간,참기름 1큰술","1. 쌀가루, 소금, 물을 넣고 반죽합니다.  반죽은 많이 치댈수록 곱고 쫄깃한 송편이 됩니다.|2. 반죽은 적당히 나누어 천연색소를 넣고 다시 곱게 치대 준비합니다.|3. 20g씩 일정한 크기로 분할하여 둥글리기하여 젖은 면보를 덮어줍니다.|4. 깨소는 깨를 대충 빻아서 깨가 뭉쳐질 정도로만 앙금을 넣고 만들면 쉽습니다.|5. 둥글리기한 반죽에 구멍을 만들고 소를 넣고 오므려서 손으로 주물럭거려 송편 속의 공기를 완전히 빼야 완성된 송편이 터지지 않습니다|6. 스크래퍼를 이용하여 만든 조개송편, 단호박송편, 꽃송편 등 기호에 따라 공기를 뺀 송편을 좋아하는 모양으로 빚어줍니다.|7. 꽃 송편 장식은 송편반죽을 랩 사이에서 밀대로 밀어 꽃모양과 잎모양으로 찍어내서 준비합니다.|8. 송편 위에 꽃과 잎을 붙이고 마지팬 도구를 이용하여 눌러주면 예쁜 꽃장식이 됩니다|9. 빚은 송편들을 찜기에 시루 밑을 깔고 가지런히 서로 붙지 않게 담습니다. 찜 솥의 물이 펄펄 끓을 때 찜기를 얹어 20분 찝니다.|10. 쪄낸 송편들은 차가운 물을 뿌려 식혀서 참기름을 발라 식혀줍니다."
47,만두,"돼지고기 간 거 500g,당면 1줌,부추 1줌,두부 1모,양파 1/2개,대파 1개,숙주나물 300g,김치 1/3쪽,설탕 1큰술,간장 3큰술,굴소스 1큰술,청주 1큰술,생강 약간,후추 약간,마늘 3알",1. 만두피는 두 가지로 만들 수 있는데요. 찬물 만두피는 끓는 물이나 육수에 삶거나 빚자마자 찌는 찐만두용에 좋아요 찐만두용 만두피의 비율은중력분 200g 물 100cc 소금 1~3g 익반죽피는고온 고압의 스팀에 찌거나 찜구이 스타일로 익히는 군만두용에 좋고 냉동실에 얼려 두었을 때도 익반죽 피가 좋다고 해요 익반죽할 때 의 비율은강력분 200g 식용유 10~15cc 소금 1~3g|2. 오늘 저는 익반죽을 했어요. 밀가루에 뜨거운 물을 붓고 익반죽을 해줍니다. 물에는 소금 한티 스푼을 넣고 녹인 후 반죽을 합니다. 반죽의 소금은 밀가루의 글루텐 형성을 도와주고 즉 탄력을 생기게 해주고 간도하는 기능을 합니다. 찐만두나 군만두 또는 냉동실에 얼려서 사용하는 만두는 이렇게 익반죽을 해줘야 만두피가 잘 안 찢어지고 좋습니다. 식용유는 반죽의 방수 효과를 주는 기능을 합니다.|3. 위 재료를 다 넣고 반죽을 해 열심히 치댄 후 비닐봉지에 넣고  상온에서 3~4시간 정도 숙성을 시켜 주세요|4. 당면을 11분 정도 삶아 찬물에 헹궈 주세요|5. 숙주는 물 약간과 함께 뚜껑을 덮어 삶아주세요. 후루룩 끓으면 불을 끈 후 그대로 5분 정도 두면 잘 익어요. 그럼 찬물에 헹궈 물기를 짜둡니다|6. 고기는 설탕 /간장 /굴 소스 /후추 /청주 /생강을 넣고 젓가락으로 한쪽 방향으로 막 섞어 주세요. 굴 소스가 없으시면 간장으로 대체해 주세요. 설탕을 넣으셔야 만두의 식감이 휠씬 부드럽고 좋아요.|7. 부추도 잘게 잘라 주세요|8. 김치도 꽉 짜서 잘게 잘라 주세요|9. 당면도 잘게 잘라 주세요|10. 숙주도 잘게 잘라 물기를 꽉 짜 주세요|11. 양파도 잘라 잘게 다져 주세요|12. 대파도 길쭉하게 잘라 잘게 다져 주세요. 두부는 면포에 싸서 물기를 꽉 짜서 넣어 주세요. 두부 사진이 빠짐 ㅋㅋ|13. 김치 빼고 모든 재료를 한 곳에 넣어 주세요. 여기서 부추는 맨 나중에 다른 재료 다 같이 섞어서 치대준 후 넣어주세요. 그래야 풋내가 덜 납니다.|14. 부족한 간은 소금으로 추가해주시고 지금 간은 약간 싱겁게 해주셔야 합니다. 왜냐하면 반 조금 못되게 덜어서 김치만두 속을 만들 거거든요. 김치만두 만들 속을 덜어낸 후 고기만두에 간을 맞춰 주세요.|15. 절반 못되게 덜어낸 만두소에 김치를 넣어주세요. 김치와 잘 섞어주면 김치만두 속이 됩니다. 고기만두와 김치만두 속 두 가지가 완성됐어요|16. 이제 만두피를 만들어 주세요. 서너 시간 발효가 된 반죽을 치대면서 속에 있는 공기를 빼주세요.|17. 밀가루를 도마에 뿌리고|18. 길쭉하게 밀어준 후|19. 적당한 크기로 잘라|20. 동그랗게 만든 후|21. 밀대로 밀어 만두피를 만들어 주세요. 이 과정이 귀찮으신 분들은 시중에 파는 만두피를 사다가 하셔도 됩니다 ㅎㅎ|22. 만두피 위에 만두 속을 올리고 만두 모양을 잡아 주세요. 모양 만드는 과정은 사진으로는 조금 힘드네요ㅠ 유튜브 검색해보면 다양한 만두 만드는 과정의 동영상이 자세히 나와 있더라고요.|23. 나뭇잎 만두와 왕만두 등등 여러 가지가 만들어졌어요. 아이들과 함께 만드니 여러 가지 모양이 나옵니다 ㅎㅎ 먹을 만큼 남긴 후 냉동실에 보관하시고 필요하실 때 꺼내서 드시면 좋아요.
48,조개구이,"게조개 2개,계란 노른자 1개,두부 1/5모,대파 1/4쪽,풋고추 약간,홍고추 약간,삶은 계란 2개,노란 미니파프리카 1/2개,빨간 미니파프리카 1/2개,소금 0.5작은술,후춧가루 약간,다진 마늘 0.5작은술","1. 이렇게 재료를 준비해두었어요. 계란은 잘게 다진 내용물이 서로 잘 붙어있으라고 넣는데요. 너무 많이 넣으면 질척해지니깐 노른자만 한 개 넣으려고요. 만약 게조개를 많이 할때는 흰자까지 다 넣어도 되어요.|2. 게조개는 가운데 살을 발라내 내장을 제거하고 껍질은 깨끗히 씻어놓아요. 야채와 두부도 다지기 좋게 적당히 썰어놓고요.|3. 먼저 핸드블렌더에 게조개를 살짝 갈고나서|4. 나머지 재료인 두부와 야채, 계란 노른자를 넣어 함께 살짝 돌리면|5. 적당하게 잘 갈아지지요. 여기에 소금과 후춧가루, 다진마늘로 양념하고|6. 게조개 뚜껑에 밀가루를 살짝 발라 두고 (게조개에 밀가루 1작은술을 넣고 뚜껑을 마주 덮어 흔들어주면 순식간에 발라져요.)|7. 갈아둔 게조개내용물을 4군데 골고루 나누어 담아 전자렌지에서 7~8분간 돌려주면 잘 익어요. 찜통에 쪄도 되고요. 오븐에 구워도 되지만 전자렌지가 빨라요.|8. 계란은 완숙으로 익혀 흰자는 핸드블렌더에서 곱게 갈고, 노른자는 체에 내려둡니다.|9. 속을 잘 익힌 게조개 위에 곱게 간 흰자와 노른자를 얹어서|10. 붉은고추를 가늘게 썰어 민트잎과 함께 장식하면 완성."
49,시금치나물,"시금치,소금,된장 1큰술,다진 마늘 1작은술,고춧가루 약간,깨소금 약간,들기름 약간","1. 시금치는 손질해줍니다.|2. 시금치는 끓는물에 소금넣고 살짝만 데쳐줄께요.|3. 볼에 된장1큰술, 다진마늘 1작은술, 고춧가루 약간 깨소금약간, 들기름 약간 넣어줍니다.|4. 된장양념을 미리섞어놓은 볼에 시금치를 넣어줍니다.|5. 가볍게 조물조물 무쳐주면 완성."
50,떡꼬치,"고추장 1숟가락,케찹 3숟가락,진간장 1/2숟가락,설탕 1/2숟가락,올리고당 2숟가락,다진마늘 1/2숟가락,통깨 약간,떡볶이떡 적당량",1. 떡은 물에 행궈서 한번 데쳐줘요~  그래야 떡이 좀더 야들야들 하거든요~|2. 데친다음 꺼내서 식혀주시면 되세요~  여기에 살짝 기름을 둘러서 섞으면 서도 덜 들러붙을 거에요~|3. 양념비율대로 양념장을 만들어주세요 이건 정말 짜지도 않고 달콤하니 맛나요^^  아이들이 매운걸 못먹으면 고추장양을 조절하시면 될듯해요|4. 황금비율로 떡꼬치 소스를 만들었다면  이제 떡을 기름에 구워야겠죠~|5. 기름을 넉넉히 둘러주세요~  떡을 기름에 튀기는건 절대 하지마시구요;;  저 예전에 그랬다가...정말 집 날라가는 줄알았어요..ㅠㅠ  아직도 그때 트라우마가...ㅋㅋ그래서 기름 조금만 튀어도 막 놀래자빠짐....|6. 저는 귀찮아서 다 구운다음에 꽂아줬어요~  왜냐면..꼬치에 꽂은상태로 구우면 몇개 못하거든요...ㅋㅋㅋ  그래서...전 다한다음 꽂아줍니다..ㅎㅎ|7. 이렇게 다구워지면 꼬치에 꽂아주면 됩니다^^  이제 아까 만들었 두었던 떡꼬치 소스만 쓱쓱 바랄주면 되겠죠~  애들 간식 만들기 참 쉽죵~ㅎ  간식도 종류별로 만드는거 알아두면 좋을텐데...ㅋㅋㅋ  제 용량이 많이 저장이 안되는지라...ㅎㅎ
51,감자전,"감자 3개,물 (감자가잠길만큼),소금 1꼬집,식용유 넉넉히,간장 3큰술,식초 1/2큰술,청양 고추 다진 것 1개","1. 감자를 준비하시구요. 3개면 중간 크기의 감자전 2장이 나옵니다. ​|2. 감자를 믹서에 갈기 좋겠금 작게 잘라줍니다.|3. 믹서에 자른 감자를 넣고 물은 감자가 갈릴 정도로 넣어줍니다. ​|4. 곱게 갈아주세요. ​|5. 요렇게 감자가 갈아졌네요. ​|6. 고운 체나 고운 천에서 믹서에 간 감자를 걸러주세요. ​|7. 곱게 갈린 감자가 체 위에 남게 되구요. ​|8. 물이 아래로 내려가게 되지요. 그러면 잠시 이 물을 가라앉힙니다. 그리고 이 윗물을 살포시 버려주세요.|9. 그러면 아래에 감자전분만 남게 되지요. 이 감자전분이 감자전의 핵심 포인트입니다. 이 감자전분을 감자전 반죽에 같이 사용하는 것이랍니다. ​|10. 감자전분에 감자 간 것을 같이 섞어주세요.|11. 잘 섞어진 감자전 반죽입니다. ​|12. 소금을 약간만 넣어주시구요. ​|13. 기름을 넉넉하게 두르고 한 국자씩 떠서 부쳐줍니다. 약간 작게 부치는 것이 뒤집기가 편하지요. 너무 크게 부치면 뒤집기가 어렵고 잘 부숴진답니다. 고추로 고명을 만들어주었구요. 노릇하게 부쳐지면 한번만 뒤집어서 익혀줍니다. 자주 뒤집지 마세요. 오히려 부숴진답니다. ​|14. 아주 바삭해보이지요? ​|15. 백선생표 감자전이 완성되었습니다. ​ 강판에 갈지 않아 너무 편하구요. 소금 약간 외엔 아무것도 들어가지 않은 100% 감자전입니다. 젓가락으로 찢으면 요렇게 잘 찢어지는데요. 겉은 바삭하고 안은 쫀득한 감자전입니다. 양념간장은 간장 3큰술, 식초 반큰술, 청양고추를 다져서 만들어 주시구요. 바삭한 감자전, 한번 만들어 보세요. 이제 힘들게 강판에 감자를 갈지 마세요. 손을 다칠 수도 있구요. 편한 믹서를 사용해보세요. 요 감자전, 정말 강추 메뉴입니다."
52,계란말이,"계란 4알,물 50cc,대파 1대,소금 약간","1. 원래 백주부님 레시피는 계란 5알, 물 70cc, 설탕 반숟갈, 소금 1/3숟갈 입니다|2. 계란 4개와 물 50cc를 잘섞어주세요|3. 대파는 쫑쫑썰어 먼저 기름 살짝 두르고 볶아 파기름을 내줍니다|4. 파향이 기분좋게 솔솔나면 계란물을 1/3 혹은 1/4정도 부어주세요|5. 저는 4번에 나눠 붓고 말았어요 그리고 계란말이할때는 무조건 약불!! 아시죠?|6. 여기서 보통 그냥 계란을 마는데.. 백주부님 레시피는 첫판은 스크램블하기!!|7. 한쪽으로 밀어두고 또 계란물 붓기  이제부터 말아주시면 됩니다|8. 첨엔 스크램블이 되어있다보니 좀 안말린다싶긴했는데...  계속 계란물 붓고 말다보면 예쁘게 잘말리더라구요 ㅋㅋ|9. 계란물 붓고 말고 붓고 말고 반복|10. 계란물 붓고 말고 붓고 말고 반복|11. 터지지않게 조심하면서 옆면도 잘익혀주면 두툼한 계란말이 완성 ㅋㅋ|12. 계란말이는 바로 썰면 잘 부서져요 한김 식히고 썰어주세요 ! 김발로 말아두거나 유리용기같은걸로 살짝 눌러두셔도 좋아요"
53,계란후라이,"계란 3개,들기름 3T,대파 1대,국간장 1/2T,통깨 솔솔",1. 먼저 대파를 잘게 썰어 줍니다.|2. 달궈진 팬에 들기름3스푼 둘러 주세요|3. 들기름에 대파를 달달 볶아 줍니다. 대파향이 어느 정도 나게 볶아 주세요|4. 대파위에 계란3개를 깨서 반숙으로 익혀 주셔요|5. 계란후라이 담을 접시에 국간장 1/2스푼 뿌려 주시구요. 이제 접시 위에 계란 후라이 담아주고 통깨 솔솔 뿌려주심 끝!|6. 고소함이 남다른 밥도둑 반찬 백주부님 '들기름계란후라이'완성입니다. 한입 먹어보니 고소한 들기름에 대파향이 쏴악 감돌면서 넘 맛있어요. 김가루 좀 넣고 슥슥 비벼도 고소함 가득하니 꿀맛입니다
54,김치전,"김치 2컵,부침가루 1컵,김치국물 1/3컵,물 2/3컵,다진마늘 1/2스푼",1. 먼저 김치는 볼에 넣어 가위를 이용해 쫑쫑 잘게 썰어서 준비합니다 ​ 방송에서는 줄기부분이 아삭해서 줄기부분 위주로 쓴다고 하는데 저는 그냥 섞어서 사용했어요|2. 그리고 부침가루 1컵 가득 넣고 김치국물 1/3컵 정도 넣어주고 다진마늘 반스푼도 넣어줍니다 ​ 수미네반찬 포인트는 바로 다진마늘! 다진마늘 넣으니까 뭔가 감칠맛이 더 나는것 같았어요|3. 물도 2/3컵 넣어주는데요 물은 넣어가며 반죽의 농도를 맞춰주면 되요 반죽이 너무 되다면 물을 살짝 추가해줍니다 물 넣고 쉐킷쉐킷 잘 섞어주세요|4. 기름두른 팬에 반죽을 올려 동그랗게 모양을 잡아줘 앞뒤로 노릇하게 구워줍니다|5. 접시에 예쁘게 담아주니 먹음직스러운 김치전 만들기 완성♥ ​
55,동그랑땡,"돼지고기다짐육 200g,두부 120g,양파 1/2개,당근 적당량,대파 적당량,계란 3개,부침가루 2큰술,소금 4꼬집,후추 톡톡","1. 두부는 면보나 채를 이용해서 수분을 최대한 짜줍니다 (수분을 덜 짜게되면 구울 때 잘 부쳐지지 않아요)|2. 간 돼지고기 물기 짠 두부 볼에 담고 당근,양파,대파 곱게 다져 담는다|3. 계란 3 부침가루 2 후추 톡톡  소금 4 꼬집 넣어준다|4. 골고루 섞어준다|5. 예열된 팬에 기름을 넉넉히 두르고 1 숟가락씩 떠 올려준다|6. 노릇노릇~ 구워 접시에 담아냅니다"
56,파전,"쪽파,양파 1/2개,부침가루,물","1. ​ 냉장고에 모셔둔 쪽파 탈출시켜서 손질하고~~ 깨끗이 씻어서 준비했습니다~~~|2. ​ 쪽파, 양파 반개 준비합니다~~~ ​|3. ​쪽파는 숭덩숭덩 썰어주시고~~~ 양파는 채썰어서 준비해주세요!!! ​ 파전에 새우랑 오징어도 넣으시는분들 계시는데~~~ 저는 재료가 없어서리 ㅋㅋㅋ 쪽파와 양파만 준비했습니다 ㅋㅋㅋ|4. ​ 부침가루 먼저 물과 섞어서 준비해주시구요~~~|5. ​ 그런다음 쪽파와 양파 넣어줍니다~~~|6. ​그리고 재료를 골고루 섞어주세요!!!! 부침가루를 사용했는데 싱거우면 소금간 좀 해주시구요^^|7. 준비된 파전 재료를 팬위에 기름두르고~~~ 한국자 떠서 넓게 펴줍니다~~ 그리고 앞뒤로 노릇노릇 부쳐주세요!!!"
57,호박전,"호박 1개,소금 0.3,밀가루,식용유","1. 호박을 채썰어 준비합니다. 채썰어 놓은 호박에 소금 0.3정도 넣고 섞어 줍니다. 5분 정도 지나면 호박에서 수분이 나와요|2. 여기에 밀가루를 넣어가며 반죽을 해주세요. 물은 넣지 마세요.|3. 팬에 식용유 두르고 반죽을 적당하게 떼어 올려준다.|4. 앞,뒤로 노릇하게 부쳐줍니다."
58,곱창전골,"소곱창,배추,부추,양파,당면,고추장,고춧가루,들깨가루,사골곰탕,멸치액젓,마늘,간장,깻잎","1. 배추,부추,양파,깻잎을 잘라주세요|2. 고추장,고춧가루,간장,설탕,멸치액젓,마늘을 2:2:2:1:0.5:1비율로 소스를 만들어 주세요|3. 냄비에 야채를 담고 양념장을 넣고 사골곰탕을 부어줍니다.|4. 들깨가루를 넣고 끓여 주면 됩니다.|5. 취향대로 당면을 넣어서 드시면 풍성하게 드실수 있어요>"
59,전복죽,"전복 中 4마리,밥 1.5공기,양파 1/2개,당근 1/3개,양송이버섯 3개,국간장 1T,소금,참기름,물 3공기","1. 전복죽은 전복손질만하면 그리 어려운요리는 아니에요. 칫솔로 전복 배부분과 껍질은 문질러서 깨끗하게 씻구요|2. 전복 가쪽을 숟가락으로 살살 돌리면 가운데로 움찔하는데 그때 숟가락으로 긁어서 떼어냅니다|3. 내장과 살을 빨간선을따라 잘라서 분리.|4. 전복은 나중에 고명으로올릴 하나빼고 모두 다지기. 전복이 미끄러우니 손조심하세요.|5. 나머지 야채들도 곱게 다지기. 야채는 양파는 필수고 나머지는 집에있는 자투리야채들 활용하시면 되요.|6. 그리고 분리해두었던 전복내장은 믹서기에 물과함께 곱게 갈아냅니다. 죽끓일때 채에 걸러내는 방법도 있는데 믹서기로 갈아서 사용하는것이 더 완전하게 내장을 100% 사용할수가 있어서 전 믹서기에 갈아서 사용해요.|7. 팬에 참기름을 두르고 양파먼저 볶구요. 전 찬밥을 이용할꺼지만 쌀을 이용하신다면 30분이상 불려둔쌀을 함께 볶아주세요|8. 당근, 버섯, 전복넣고 볶기. 물을넣어 푹 끓일것임으로 볶는순서는 중요하지않아요|9. 전복내장 넣어주기|10. 물을 밥량 두배이상으로 넣어주고 (쌀사용시4배이상)|11. 밥도 풍덩 해줍니다. 물은 요리중 모자르다싶으면 중간중간 더 추가해주시면 되니 물량을 정확하게 맞추실필요는 없어요|12. 국간장 한스푼넣어 기본간 맞춰주구요. 나머지 모자른간은 다 끓인후에 취향에따라 소금으로 맞춰주시면 되요.|13. 보글보글 끓기 시작하면 한번씩 저어주면서 물이 다 졸아들고 밥알이 푹 퍼질때까지 끓여주면 끝|14. 통으로 넣었던 전복을 얇게썰어서 밥위에 올려주시면 더욱 맛있어보이는 세팅을 하실수가 있답니다. 전복손질과 끓이는시간이 걸려서그렇지 어렵지않은 요리에요.^^"
60,호박죽,"늙은호박 3kg ,물 7컵,불린찹쌀 1/2컵,꿀 1컵,소금 1스푼",1. 묵직하고 색이 선명한 호박 3키로 되는 것으로 준비 합니다|2. 꼭지가 아래로 가도록 뒤집어 결데로 잘라 주세요 호박 밑동을 자르는게 손다칠 염려도 없고 쉬워요|3. 손으로 가르면 쉽게 갈라집니다 숟가락으로 호박 속을 파내 버리지 말고 따로 담아 두세요|4. 자른 호박은 비닐봉지에 넣어 전자렌지에 7분 돌리면 살짝 익어 손질 하기가 쉬워 껍질을 쉽게 벗길 수 있어요|5. 껍질 벗긴 홉박은 듬성듬성 썰어 주세요|6. 냄비에 물7컵 넣고 호박씨를 넣고 센불에서 20분간 끓여 주세요|7. 호박씨 우려낸 물에 호박을 삶으면 고소한 맛과 풍미가 더 좋아진답니다|8. 끓인 육수는 체에 걸러주세요|9. 썰은 호박과 호박씨 육수를 호박이 잠기지 않게 부어 익혀주세요 호박이 익으면서 물이 흥근하게 나옵니다|10. 처음엔 센불로 끓이다가 끓으면 중불로 줄여 20분 정도 끓여|11. 완전히 익었으면 핸드믹서로 갈아 주세요|12. 찹쌀을 30분간 불려 물 1컵을 넣어 곱게 갈아 둡니다|13. 곱게 간 호박죽에 불을 켜고 호박죽이 보글보글 끓을때 곱게 간 찹쌀을 넣고 저어주며 농도를 마춰 2분정도 약불에서 끓여 줍니다|14. 꿀1컵 소금 1스픈 넣어 단맛을 올려주고 잘 저어 줍니다|15. 죽은 오래 두면 되직해지기 때문에 조금 묽게 끓여야 됩니다|16. 삶아논 팥이나 견과류 겉드려 먹으면 더 맛나게 드실 수 있답니다
61,고추튀김,"냉동만두,고추,튀김가루,물",1. 재료를 준비합니다.|2. 냉동만두를 전자레인지로 해동해주세요.|3. 해동한 만두는 만두피를 벗겨주세요.|4. 만두소는 다시 잘 비벼줍니다.|5. 고추는 배를 갈라 씨를 빼주세요.|6. 고추의 속에 튀김가루를 발라줍니다.|7. 고추 속에 만두소를 넣어주세요.|8. 튀김가루에 얼음물을 섞어주세요.|9. 물을 한 번에 넣지 않고 농도를 확인하며 만들어 주세요.|10. 튀김물을 고추에 꼼꼼하게 발라줍니다.|11. 후라이팬에 기름을 붓고 중불에서 노릇하게 튀겨주세요.|12. 적당히 익은 고추튀김은 키친타올에 두어 기름을 빼줍니다.
62,새우튀김,"새우 큰거 5마리 ,달걀 1개,차가운물 1컵,밀가루 3Ts,튀김가루 3Ts,튀김기름 적당량",1. 먼저 새우는 머리를 떼어내고 껍질을 꼬리만 살리고 벗겨냅니다.  이때 새우는 소금물에 해동시키셔야 좋아요.|2. 등쪽에 이쑤시개를 넣어 내장을 꺼내줍니다.|3. 그리고 꼬리쪽에 물총은 제거해주셔야 튀길때 안 튀어요.|4. 배쪽에 잔칼집을 세네번 넣어서 마디를 펴줍니다. 그래야 튀길때 구부러지지 않아요.|5. 여기에 밀가루를 살짝 입혀주세요.  이제 차가운얼음물한컵에 달걀을 풀어서 섞어주고 그 다음에 밀가루와 튀김가루를 반씩 섞어서 넣어줍니다.|6. 전 순서가 살짝 바뀌었어요. 이왕이면 물-달걀-밀가루순으로 넣어주세요.  그래야 농도를 잘 맞출수 있어요.|7. 이때 반죽은 묽게 해주세요. 섞어가면서 묽은농도(핫케이크반죽농도)로 해주시면 좋아요.  반죽을 할때 너무 휘저으시면 글루텐이 형성되서 안좋으니 살짝만 섞어주세요.  전 약간 되서 약간 두껍게 입혀졌네요!|8. 이제 튀김기름을 온도 160도로 맞춰서 튀김옷을 입혀서 가장자리부터 흘려들어가게 밀어넣어주세요.|9. 이제 바삭하게 튀겨내면 완성이에요. 이때 남은 반죽을 손끝으로 튕겨서 퍼지게 만들어주세요.|10. 그럼 일식새우튀김의 특유의 모양이 나온답니다.
63,오징어튀김,"오징어 3~4마리,튀김가루,차가운생수,얼음 약간,튀김기름,소금 약간,후추 약간,스파이스가루 (혹은강황가루)","1. 오징어는 몸통과 다리를 분리하고 내장을 말끔히 제거해 주었어요. 껍질도 벗겨낼까 하다가 그냥 식감을 조금 더 살리기 위해서 그대로 사용했네요.|2. 손질을 마친 오징어는 끓는 물에 가볍게 데쳐 물기를 제거합니다. 튀김을 할 때 생물 그대로 사용하면 수분이 많이 남아있어 튀김옷을 입힌 후 튀겨내면 튀김옷이 잘 입혀지지 않고 잘 벗겨져 버리더라고요. 그래서 이렇게 가볍게 살짝만 데쳐줍니다.|3. 튀김가루에 파슬리와 스파이시가루를 살짝 섞어주었어요. 소금과 후추도 약간 여기에 강황가루가 있다면 조금 섞어주면 샛노란색이 먹음직스럽게 튀겨진답니다.|4. 봉지째 흔들어 주어야 골고루 뭉치지 않고 잘 섞이더라고요. ​|5. 튀김가루에 차가운 생수와 얼음을 넣어 좀 더 차갑게 해주어 반죽을 하면 튀김이 바삭바삭해요. 튀김옷은 걸쭉하게 흐르는 정도가 좋더라고요. 안그럼 너무 두꺼운 튀김이 되죠.|6. 기름에 퐁당 가볍게 넣어 바삭바삭하게 튀겨냅니다. 기름에 동동 떠오르는 튀김가루를 울 둘째가 너무 좋아해요. 튀김우동 먹으면 꼭 띄어주던데 그걸 먹으려고 일부러 튀김우동을 먹는 아이랍니다.참고로 기름의 온도는 너무 뜨겁지 않게끔 튀김반죽을 살짝 떨어뜨렸을 때, 중간까지 내려갔다가 올라오면 딱 좋은 온도네요.|7. 튀김은 두 번을 튀겨주어야 바삭바삭하게 먹을 수 있어요. 위 사진 속 튀김은 딱 한 번만 가볍게 튀긴거고요. 살짝 식힌 후 다시 한 번 튀겨내 바삭함을 살려주었어요.|8. 그리고 바삭바삭하게 두 번 튀겨냈어요. 매운 떡볶이가 생각나게 하는 튀김이지만, 우린 오징어튀김만 있어도 맛있게 먹었다는. 쫄깃한 오징어의 식감이 아주 좋더라고요. 탱글탱글 역시 한 번 가볍게 데쳐낸 후 튀기기 참 잘했어요. 튀김 옷이 얇아서 좋죠. 너무 두꺼우면 튀김을 먹는건지 기름을 먹는건지 모르겠더라고요. 튀김은 최대한 얇게 튀겨줘야 식감도 좋고 더욱 바삭하게 즐길 수 있어요. 튀김옷이 얇아서 느끼하지 않아 먹는내내 입이 즐거워요."
64,갈치조림,"갈치,무,양파,청양고추,대파,다시마,간장,설탕,물엿,고추가루,다진마늘,다진생강,맛술,후추","1. 육수는 무 넙적하게 썰어주고, 다시마 4~5장, 무가 잠길정도의 물로 끓여줍니다. 끓기시작하면 다시마는 빼주세요.|2. 남대문표양념장 : 간장8, 설탕1, 물엿1, 고추가루3, 다진마늘1, 다진생강 약간, 여기에 맛술2, 후추조금 더 추가했네요.|3. 갈치는 내장과 비늘을 깨끗하게 손질하여 물기를 빼줍니다~생선비린내는 물에 깨끗하게 씻어야 없어집니다|4. 끓어오른 육수에 바로 갈치올리고, 양념장 두둑하게 올려줍니다.|5. 양파,청양고추,대파까지 올리고, 뚜껑닫고 한소끔 끓입니다.|6. 중간에 갈치위로 양념국물 덮어줘가며 끓이면 완성^^"
65,감자조림,"감자 3개,당근 1/2개,양파 1개,통마늘 5개,검은깨 조금,통깨 조금,진간장 5T,설탕 3T,올리고당 1T,물 2종이컵,참기름 1T",1. 감자를 먹기 좋은 크기로 썰어 올리브유 두른팬에 잘볶아주세요.|2. 감자가 어느정도 익으면 당근도 넣고 볶아주세요.|3. 그리고 준비한 양념장과 물 두컵을 넣고 15분정도 약불로 조려주세요.|4. 그리고 조리기 시작하며 양파를 넣어주세요. 너무 일찍 넣으면 흐트러지네요~|5. 마지막으로 통마늘을 넣어 주세요. 다진마늘은 웬지 텁텁해보이고 해서 통마늘로 넣어주니 몸에 좋은 마늘도 함께 즐길수 있고 조림장이 더 깔끔하고 좋아요.
66,고등어조림,"고등어 2마리,무,양파,대파,청양고추,설탕 1큰술,다진마늘 1.5큰술 ,다진생강 1/3큰술,된장 1/2~1큰술,진간장 1/3컵,들기름 2큰술,고추가루 3큰술","1. 고등어는 내장을 제거하시고  핏물이 남지 않도록 깨끗이 씻어 준비합니다~|2. 냄비의 바닥에 무를 잘라 깔아주시고 그 위에 깨끗이 씻은 고등어를 올려주세요~|3. 양파는 굵게 채썰고  대파는 길이로 썰어 줍니다~ 어슷 썬 청양고추와 함께 고등어가 덮힐 정도로 듬뿍 올려주세요~|4. 고등어가 반쯤 잠길정도의 물을 붓고 설탕 1큰술을 넣어주신 다음 다진마늘 1+1/2큰술, 다진생강 1/3큰술을 넣어줍니다~|5. 된장 1/2큰술 또는 1큰술을 넣어주시고요~|6. 진간장 1/3컵을 넣어줍니다~|7. 들기름 2큰술을 넣어주시는 것이  백종원 고등어조림의 비린내잡는 포인트중 하나이네요^^|8. 고추가루 2~3큰술을 듬뿍 올려 색을 내줍니다~|9. 무를 얇팍하게 썰어 고등어조림 위에 올려 뚜껑을 대신해주세요~ 팔팔 끓기 시작하면 불을 줄이시고  무가 푹 무를수 있도록 20여분 정도 더 졸여줍니다~"
67,꽁치조림,"꽁치캔 1개 (400g),생강 1톨,식용유 1큰술,청양고추 2개,꼬리고추 15개,빨간고추 2개,통깨 조금,간장 1/3컵,물 1/3컵,맛술 1/3컵,설탕 2큰술","1. 꽁치통조림 400g 한개를 준비해 체에 받쳐 국물을 빼줍니다. ​|2. 냄비에 엄지 손가락 두마디 크기의 생강 1개를 져며 넣고 설탕 2큰술 넣어 줍니다. ​|3. 그리고 간장 1/3컵, 물 1/3컵, 맛술 1/3컵을 부어 줍니다. 간장: 물: 맛술 = 1 : 1 : 1 비율로 넣어주세요. 전 맛술대신 청주를 사용했어요. ​|4. 그리고 국물뺀 꽁치를 넣고 끓여 줍니다.|5. 윤기를 위해 식용유 1큰술을 넣어 줍니다. ​|6. 향을 위해 청양고추 2개를 쏭쏭~ 썰어 넣고 졸여줍니다. ​|7. 조림장이 반정도 줄어 들면 꽈리고추 15개를 반으로 잘라 넣어 줍니다. ​|8. 색감을 위해 빨간고추 2개를 쏭쏭~ 썰어 넣고 졸여 주었습니다.|9. 조림장이 거의 줄어 들도록 졸여 주시면 되겠습니다. 마지막에 통깨 솔솔~ 뿌려 주세요.|10. 생물 꽁치가 아니라 익은 통조림 꽁치라 조리시간도 빠르고 비린내도 없고 손질도 간편하고 가시 걱정없이 그냥 맛나게 먹으면 된답니다. 꼬리고추와 꽁치살을 한입에 넣고 먹으니 정말 맛있어요."
68,두부조림,"두부 1모,양파 1/2개,파 1/2대,식용유 1/2큰술,들기름 1큰술,물 100ml,간장 4큰술,고춧가루 2큰술,굴소스 1/2큰술,다진 마늘 1큰술,설탕 1큰술,깨 1큰술,참기름 1큰술","1. 두부는 체에 받쳐 물기를 빼주세요|2. 양파는 얇게 썰어주시고 파는 송송 썰어둡니다|3. 양념장도 만들어주세요|4. 두부도 먹기 좋게 썰어주세요|5. 식용류 1/2 큰 술, 들기름 1 큰 술를 두룬 팬에 두부를 구워주세요 양면을 다 구워주시면 됩니다 1분정도씩 부들부들하게 구워요|6. 두부가 구워졌다면 야채와 양념장을 올리고 5분더 끓여주세요|7. 이제 뚜껑을 덮고 1분 더 끓여줍니다|8. 너무 간단하게 완성이죠~^^"
69,땅콩조림,"생땅콩 2.5컵 ,간장 1.5컵 ,올리고당 1소주잔,설탕 1.5T,깨 2T","1. 먼저 생땅콩은 흐르는 물에 한번 씻어주세요  그리고 냄비에 담고, 땅콩이 잠길정도의 물을 붓고 10분간 삶아줍니다  * 불순물을 제거하는 것도 있고, 부드러운 식감을 위해서 삶아주는 거랍니다   우리가 껍질째 먹는 땅콩, 호두 이런 견과류는 껍질에 안좋은 물질이 많다고해요   그래서 집에서 드실때는 한번 삶아서 불순물을 제거하고 드시면 더욱더 건강에 좋겠죠?|2. 다 삶아진 땅콩물은 버려주세요  그리고 다시 땅콩이 잠길정도의 물을 부어주세요|3. 그리고 소주잔으로 간장 1컵 반을 부어줍니다  그리고 끓여주세요  땅콩에 간장색이 스며들게 말이죠  불은 계속해서 센불로 해두셔도 됩니다  조림같은거 할때 졸이는 과정은 항상 센불로 하셔야해요|4. 이렇게 간장의 양이 확연히 줄어들어드는게 눈으로 확인되실거예요  간장양은 줄어들면서 땅콩은 크기가 점점 커져요  생땅콩의 상태에 따라서 시간차이는 조금 있을거예요  땅콩을 한번 드셔보시고 시간조절을 하세요!|5. 간장이 줄어들면 그때 올리고당 1컵을 부어주세요|6. 설탕 1.5T를 넣고 조금 더 졸여줍니다|7. 양념이 다 졸아지면서 땅콩이 윤기있어집니다. 취향에 맞는 식감이 된다면 불을 꺼주세요|8. 불을 깨고 깨 2T를 넣고 섞어주세요|9. 윤기가 반지르하게 흐르는 땅콩조림 씹을 수록 고소하더라고요 개인적으로 깨를 좀 듬뿍 넣으니깐 고소함이 두배더라고요! 땅콩조림 생각보다 너무 간단하죠?"
70,메추리알장조림,"깐메추리알 1kg,청양고추 3개,간장 1컵,물 3컵,매실액 1/4컵 (생략가능),설탕 4스푼,다진마늘 1스푼 (통마늘가능)","1. 재료준비! 저는 깐메추리알을 사용했어요~ 편한대로 준비해주세요^^|2. 깐메추리알은 흐르는 물에 헹궈서 물에 잠시 담궈두시구용~|3. 그다음, 준비한 냄비에 간장 1컵!|4. 물 3컵!!|5. 매실액 1/4컵 넣어주세요^^ 매실액은 없으면 생략해도 무방하답니다~|6. 설탕은 밥수저로 4스푼~ 혹시 단거 좋아하시는분들은 더 넣으셔도 됩니다용!|7. 저는 약간 매콤(?)하게 할려고 청양고추를 썼는데 꽈리고추 쓰실분들은 나중에 넣어주세요~ 너무 빨리넣음 흐물해져요^^;|8. 다진마늘도 1스푼 투하~!!!!! 통마늘도 가능~~|9. 다넣었음 간장을 센불에서 팔팔 끓여주세용!!|10. 한소끔 끓으면 중불로 줄인뒤 메추리알 넣고 색감이 예뻐지도록 졸여주면 끝이랍니다^^ 완전 간단하쥬?|11. 효자반찬 메추리알장조림 완성~♡"
71,연근조림,"연근 2개 (800g),식초 3T,소금 1/2T,물 500cc,간장 20T,설탕 15T,물엿 10T,깨 약간","1. 감자 칼로 연근의 껍질을 벗겨주세요.|2. 그리고 적당한 두께로 잘라주세요. 자르시고 물에 한번 깨끗이 씻어주세요.|3. 냄비에 연근을 넣고 식초 3T를 넣어줍니다. 식초를 넣는 이유는 연근의 아린맛을 없애주려고 넣어요. 소금 1/2T도 넣고 연근이 반쯤 익을때까지 삶아줍니다.|4. 연근을 식초 넣고 한번 삶아주면 조릴 때 더 편하겠죠? 체에 받쳐 물만 버려주세요.|5. 물 600cc, 간장 20T, 설탕 15T, 물엿 10T, 깨를 넣고 양념장을 만들어주세요. 20큰술 이라니깐 많아 보이죠? 숟가락으로 넣다보면 안많아요!^^ *대용량 주의*|6. 냄비에 연근과 양념장을 넣고 센불에서 끓이시다가 어느 정도 물이 졸아 들면 중불로 바꾸시고 졸여주시면 됩니다.|7. 거의 다 졸아 들때쯤 마무리로 물엿 한큰술 넣어주시면 윤기 좌르르~~~ 깨도 한번 더~!! 완성!!|8. 아작 아작 달콤 짭쪼름~~ 너무 좋아 연근 조림♡ 단짠 단짠 단짠! 진리입니다!"
72,우엉조림,"우엉 2개,들기름 1/4컵,물 2컵,간장 1/4컵,올리고당 4숟가락,흑설탕 4숟가락","1. 우엉의 껍질은 칼등으로 벗겨주고 얇게 채를 썰어주고 갈변 때문에 물에 살짝 씻어둔다.|2. 팬에 들기름 1/4컵, 손질한 우엉을 넣어준다. 지글지글 소리가 나면 3분 더 볶아주면 된다.|3. 볶은 후 물 2컵, 간장 1/4컵을 넣은 후 끓어오르면 뚜껑을 닫고 중불로 15분 끓여준다.|4. 올리고당 4스푼, 흑설탕 4스푼을 뚜껑을 닫지 않고 버무려준다."
73,코다리조림,"잘 말린 코다리 2마리,홍고추 2개,고추가루 2큰술,진간장 2큰술,설탕 2큰술,다진파 1큰술,다진마늘 1큰술,생강 조금,후춧가루 1작은술,물엿 1큰술,청주 1큰술,참기름,통깨 약간,올리브유 적당량,물 1/2컵",1. 잘 말려진 코다리를 소금물에 씻은 후 가위로 꼬리와 머리.지느러미를 손질해 준 후 먹기 좋은 크기로 잘라준비합니다.* 애들이 있다면 반 갈라 뼈를 발라서 준비..저희집은 어른들이라 통째로...|2. 홍고추 -굵게 다져 준비..|3. 넓은 볼에 코다리를 넣고 아래 조림 양념장을 만들어 골고루 뒤적인 후 30분 정도 재워둡니다.양념장 만들기 :고추가루 2큰술 .진간장 2큰술 .설탕 1큰술 .후추가루 1작은술.다진 파/ 마늘 1큰술 .생강 조금.청주 (맛술&소주 )1큰술|4. 팬을 달구 어 올리브유를 두르고 재워 둔 코다리를 넣고 겉살이 살짝 익을정도로 볶아준 다음 물 1/2컵을 넣고 센불에서 한소끔 끓인 다음약한불로 낮추어 코다리살이 부서지지 않게 조심히 양념장을 끼 얹어 가며 응근히 졸여 줍니다.|5. 양념장이 1/2로 줄어 들면 다진 홍 고추 .참기름과 통깨 .물엿1작은술을 넣고한번 뒤적인 다음 1분정도 졸이고그릇에 담아냅니다...
74,김치찌개,"김치 1/2포기,포도씨유 1큰술,깍두기국물 1/3컵,대파,두부,물(멸치육수),참치 1캔,설탕,고춧가루,다진 마늘 1큰술,멸치육수",1. 일단 지금알려드리는 방법은 식사전에 준비하시기 보다 시간적인 여유가 있으실때 미리 김치볶음을 만들어 두셨다가 사용하셔야 해요.|2. 냄비에 큼직하게 썰은 김치(대략 배추 1/2 포기)를 넣고 포도씨유 1큰술을 넣고 볶아주세요. 이때 김치 국물 혹은 저같은 경우는 깍두기 국물을 1/3컵 정도 넣어 주었어요. 김치국물이 들어가면 따로 간을 하지 않아도 되거든요. 또한 이때 설탕을 조금 넣어주시면 김치가 더욱 빨리 무르게 익어요. 또한 고춧가루를 넣어주면 색도 이뻐지고 윤도나지요.|3. 볶는 중간에 다진마늘 1큰술도 넣어주세요.|4. 김치가 타려는듯 하면 중불에서 물 혹은 멸치육수를 1컵 정도 부어준후 가끔씩 저어가며 뚜껑을 덮고 푹~~ 익혀줍니다.|5. 김치가 익으면 수분이 나오기도 하니 처음부터 너무 물이나 육수를 많이 붓지는 마셔요. 김치를 30분 정도 푹 익혀주면 밑준비 끝!!~|6. 볶아둔 김치는 식힌후에 통에담아 냉장고에서 최소 반나절이상 숙성시켜 주세요. 국물이 자박하게 있으면 나중에 김치찌개 끓이실때 따로 간을 하지 않아도 되요.|7. 물 혹은 멸치육수를 냄비의 3/4 지점까지 부어준뒤 끓여주세요. 이떄 볶은김치의 양이 넉넉히 들어가야 더욱 맛있는건 아시죠? 물이나 육수가 부글부글 끓으면 김치찌개 완성!  김치찌개에는 돼지고기나 참치를 넣으면 더욱 맛이 좋지요? 돼지고기를 넣으실때는 물 넣으실떄 같이 넣어 주신후 돼지고기가 익으면 완성!~  이번에는 돼지고기가 없어서 담백한 네모모양의 델큐브 참치를 사용했어요.|8. 두부와 대파도 조금 준비해 주셨다가 김치찌개가 보글보글 끓으면 두부와 대파를 살짝 얹으시고 불을 끄신후 식탁으로~
75,닭계장,"닭 1마리,고사리 200g,숙주나물 1봉지,대파 3뿌리,양파 1개,홍고추 3개,물 10머그컵 ,다진마늘 2아빠숟가락,고추기름 8아빠숟가락,고춧가루 4아빠숟가락,국간장 8아빠숟가락,천일염 약간,후추 약간","1. 먼저 마트에 흔히 파는 닭한마리 준비해주세요.  촌닭으로 하셔도 무방하지만 그냥 저렴한 닭한마리면 됩니다 ^^     저기위에 붉은 동그라미표시 보이시죠????  저기에 닭은 지방이 젤 많이 붙어있어요..     ★ 닭 꽁지부분과 목줄기에 있는 지방을 제거해주세요. ★     지방을 제거하셔야 닭 잡내도 나지않고 깔끔하게 육수를 뺄수 있답니다.|2. 그런다음 물 적당량을 넣고 찬물에 닭을 넣은뒤 한번 삶아줍니다.  센불로 조절하고 끓기 시작하면 5분정도만 삶고 물은 버려주세요.     핏물을 빼고 바로하는 방법도 있지만 핏물을 빼려면 2시간 이상 담궈둬야하니  우리는 시간을 절약하자구요.     딱 5분만 끓이고 물버리는거 잊지마세요^^     데친 닭은 찬물에 행궈서 준비해 놓습니다.|3. 그다음에는 머그컵에 물을 가득채워 솥에 10컵 넣어주세요.  닭을 푹 끓여 닭육수를 만들어야하기 때문에 물을 여유있게 넣어줄겁니다.|4. 솥에 아까 5분동안 끓여 핏기를 빼고 찬물에 씻어둔 닭을 넣고   뚜껑을 덮은뒤 약 30분가량 푹 끓여주세요.     ​다 삶아진 닭은 꺼내시고 닭육수 우러난것은 거품을 걷어 맑게 준비해둡니다.  ​버리시면 안되요 ^^|5. ​닭이 삶아지고 있는동안 야채를 준비할께요.     ​숙주는 잘 씻어 물기를 빼놓습니다.|6. ​말려진 고사리는 물에 잘불려 살짝 삶아서 준비하세요.  마트에서 삶아진 고사리를 사셨다면 물에 한번 행군뒤 물기를 빼고 준비하시면 되구요.  만약 봄철 생고사리를 사셨다면 요것도 살짝만 데치심되요.     이따가 고사리는 육수에 같이 끓일꺼니까 2~3분정도만 삶으심 됩니다.|7. 가볍게 삶아진 고사리는 먹기좋은 크기로 썰어놓으세요.|8. 양파도 먹기좋게 썰어주시구요.|9. 닭개장이나 육개장은 대파가 많이 들어가야 시원하고 잡내도 없는거 아시죠??  여유있게 3개를 길쭉한 길이로 썰어놉시다.  길이는 3~4cm 정도면 되겠네요.|10. 재료준비하는동안 닭이 아주 잘 삶아졌네요.  ​|11. ​잘 삶아진 닭은 요렇게 잘게 찢어서 준비해놓습니다.  뜨거우니 좀 식혀서 찢으세요....손 데입니다 ^^     ​여기서 킥포인트!!!!  ​  ​살을 다 발라내고 남은 닭뼈는 닭을 삶고 남은 육수에 넣어 뚜껑을 덮고 20분정도 더 끓여준후 닭뼈는 건져주세요.  ​닭뼈에서 우러나온 국물이 더 구수하고 감칠맛나게 해주니까요 ^^     ​닭육수가 끓고 있는동안 양념을 좀 해볼까요!!!!  ​  ​​닭개장을 할때는 (육개장도 마찬가지) 미리 고기랑 나물에 밑간을 하시면 더 진한 국물을 우릴수있답니다.​  ​|12. 고사리와 발라놓은 닭살을 같이 담고 그위에 고추기름 8아빠숟가락을 넣어주세요.     닭개장이나 육개장엔 고추기름이 들어가야 더 얼큰하고 개운하답니다.  고추기름은 고춧가루와 식용유로 만들면 되는데 저는 그냥 마트에서 파는걸 사왔습니다.  쉽게 가자구요 ㅎㅎㅎㅎㅎ|13. 다음은 고춧가루 4아빠 숟가락을 크게 떠서 넣어주세요.  매운 고춧가루면 한숟가락 덜 넣으셔도 되요.  루비씨는 얼큰한걸 좋아하므로 매운고춧가루에도 불구하고 4아빠숟가락을 넣었습니다.|14. 이제 국간장 8아빠숟가락을 넣어줍니다.|15. 여기에 다진마늘을 2아빠숟가락을 넣어주세요.|16. 이제 고사리와 닭고기를 양념과 잘 섞어준후 아까 뼈를 건져낸 닭육수에 넣어서 끓여줍니다.     ( 이 사진은 루비씨가 아마 딴생각을 하지않았나....왜이렇게 흐려 ㅜㅜ)|17. ​닭개장이 맛있게 끓어오르는 냄비속에 숙주 , 대파 , 양파를 넣고 뚜껑을 닫은후 10분만 더 끓여주세요.     ​  ​  ​|18. 홍고추도 넣어주시구요. 간을 보시고 싱거우면 천일염으로 맞춰주세요.|19. ​마지막으로 후추 약간 뿌리시고 불을 꺼주시면 완성!!!!!!​  ​어때요????  ​​닭계장 끓이기 어렵지않죠?  ​  ​루비씨 믿고 맛나게 끓여보세요 ^^​  ​ ​"
76,동태찌개,"동태 1마리 ,무 1.5줌 ,두부 1/2모,대파 1/4대,청양고추 1개,다시마 육수 4컵,고추장 1큰술,고춧가루 1.5큰술 ,국간장 1큰술,청주 1큰술,다진마늘 1큰술,다진생강 1작은술,후춧가루 1/4작은술","1. [재료 손질] 1. 무 나박 썰기 2. 대파, 청양고추 어슷썰기 3. 두부 납작하게 썰기 (기호에 맞게)|2. 동태는 흐르는 물에 씻어 물기를 빼주세요.|3. 팬에 다시마 육수를 붓고,  분량의 재료대로 양념을 만들어 무와 양념의 반을 넣고 끓여주세요.|4. 무가 거진 익으면  동태, 두부, 남은 양념을 넣고 끓여주세요.|5. 마지막에 대파와 청양고추를 넣고 한소끔 더 끓여주세요. 간도 한번 보시고요."
77,된장찌개,"느타리버섯 1줌,양파 1/2개,애호박 1/4개,청양고추 2개,두부 1/4모,물 1.5종이컵,된장 2T,진간장 1T,고추가루 1.5T,다진마늘 0.5T,설탕 0.5티스푼,소금 간맞추기 ","1. 물1.5종이컵에 된장,고추가루,다진마늘,설탕,간장을 한데넣고 한소끔 끓여줍니다.|2. 그사이 양파,버섯,애호박,청양고추,두부는 적당한 크기로 썰어줍니다.|3. 한소끔 끓은 된장물에 양파,버섯,애호박,청양고추,두부를 넣어 줍니다.|4. 애호박이 익을때까지 끓여주어 간을보아 부족한간은 소금으로 해주어 완성. 저는 부족한간이 없어 소금은 넣지 않았습니다."
78,순두부찌개,"순두부,대파 1/4개,양파 1/4개,애호박 1/4개,청양고추 1개,달걀 1개,참기름 1큰술,식용유 2큰술,고추가루 1.5큰술 ,소금 1/2큰술,설탕 1꼬집,굴소스 1큰술,간장 1큰술,다진 마늘 1큰술,멸치육수","1. 제일 먼저 멸치 육수를 끓여주세요. 멸치외에 있으면 표고버섯 약간, 다시마 약간 넣고 끓이면 되는데 없으면 멸치만 넣고 그냥 끓여도 됩니다.  ​  그 다음은 채소를 손질해야겠죠. 대파 1/4과 양파 1/4을 잘게 썰어주시고요.|2. 매콤한걸 좋아하시는분은 청양고추 하나 어슷하게 썰어주시고|3. 호박 1/4은 반달 모양으로 썰어주세요.|4. 재료손질은 벌써 끝났네요. 다음은 준비한 뚝배기나 냄비에 참기름 1큰술,  식용유 2큰술을 넣어주세요.|5. 그리고 준비한 양파, 대파를 넣고 볶아주세요.|6. 그리고 고추가루 1큰술 반을 넣고 고추기름을 만들어줍니다. 매운걸 못드시는 분은 한큰술만 넣으세요.|7. 고추기름을 만들었으면 소금 반큰술, 설탕 한꼬집을 넣어주세요. 설탕은 안넣으셔도 되긴 한데 보통 식당에서는 넣죠.|8. 그 다음엔 굴소스 1큰술, 간장 1큰술을 넣고 저어서 섞어주세요.|9. 그 다음은 멸치육수를 부어주세요. 준비된 냄비에 반 정도를 채워주세요. 너무 많이 부으면 순두부 넣을때 넘칩니다.|10. 자 이제 팔팔 끓여줍니다. 끓기 시작하면 호박과 고추를 넣고, 다진마늘도 한큰술 넣어주세요~|11. 그 다음은 순두부를 넣어줍니다.|12. 마지막으로 달걀과 파를 넣어 마무리 해줍니다.|13. 제눈에는 엄청 맛있어 보이는데 어떠세요?  사실 순두부찌개의 맛을 좌우하는 바지락이나 돼지고기 없이 맛을 내려면 쉽지 않은데요. 제가 생각하는 포인트는 바지락이나 돼지고기가 없으면 굴소스 정도는 꼭 들어가야 하고, 멸치육수도 필요합니다. 그리고 간이 적당히 맞아야 합니다."
79,갈비탕,"갈비탕용 소고기 1kg,무 1토막,대파 흰부분 5대,양파 1/2개,당면 1줌,물 12종이컵,맛술 3T,꽃소금 3티스푼,간장 2T,다진마늘 1T,자른대파 1/2뿌리,후추 약간","1. 고기는 물에 담가 소주를 휘~ 둘러 3시간이상 담가 핏기를 빼줍니다. 물은 2-3차례 갈아주세요.|2. 당면은 물에 불려둡니다.|3. 핏기뺀 고기에 물을 넣고 10분정도 끓여 불순물을 빼내어 줍니다.|4. 고기는 물로 깨끗이 씻어 준비합니다.|5. 육수내기용 양파,대파,무를 준비해줍니다. 저는 다시팩에 대파와 양파를 넣었습니다.|6. 고기에 물 9종이컵을 넣고 육수내기용 통대파,통양파, 통무,맛술을 넣어 센불에서 5분정도 끓여줍니다.|7. 중불로 바꾸어 30분정도 끓여줍니다.|8. 물 3종이컵을 더 넣고 중약불로 바꾸어 1시간30분정도 끓여줍니다.|9. 육수내기용 무,파,양파를 거둬내 버리고 면보등을 이용하여 맑은 국물만 남도록합니다.|10. 당면,대파,간장,다진마늘,소금을 넣어 당면이 익을때 까지 끓여줍니다. 불은 당면이라 금새 익습니다.|11. 그릇에 담아내고 취향에 따라 후추와 파를 추가하여 완성."
80,감자탕,"감자탕용 돼지등뼈 1.5kg,감자 작은거 6개,데친 얼갈이 배추 200g,깻잎 10장,월개수 잎 2~3장,소주 2잔,양파 1개,파 1대,사과 1/2개,마늘 1움큼,생강 조금,청양고추 1개,고춧가루 3큰술 ,멸치액젓 3큰술 ,국간장 5큰술 ,들깨가루 5큰술 ,다진 마늘 2큰술 ,미림 2큰술 ,고추장 1큰술 ,된장 1큰술 ","1. 돼지 등뼈는 핏물을 잘 빼줘야 냄새가 안나요 생고기는 1시간 이상, 냉동은 3~4시간 이상 꼭 핏물을 제거해주세요 저는 30분에 한번씩 물을 갈아줬어요!|2. 핏물을 빼는 동안 양념장을 만들어서 숙성시킬꺼에요~|3. 핏물을 뺀 고기는 흐르는 물에 한번 헹궈서 끓여줍니다 10분정도 데친다고 생각하시면 돼요~ 이때 뚜껑을 열고 데쳐주세요 소주와 함께 고기 냄새가 날아갈꺼에요|4. 잡내제거 주머니를 만들어주세요 사과를 넣으면 국물이 달달하니 맛있어지니 집에 있다면 꼭 넣어보세요|5. 데친 고기는 흐르는 물에 빨갛게 붙은 불순물을 제거해주세요|6. 이제 냄비에 잡내제거 주머니와 함께 넣고 끓여줄꺼에요  물의 양은 고기가 잠길 정도면 충분해요 뚜껑을 열고 센불에서 우르르 끓여줍니다  끓여오르면 뚜껑을 닫고 중약불에서 2시간정도를 끓여줘야 해요|7. 2시간정도가 지나면 국물이 뽀얗게 예쁘게 올라왔어요|8. 잡내제거주머니를 제거하고 준비한 양념장을 풀어줍니다~|9. 30분정도 뚜껑을 닫고 끓이다가 감자를 넣고 익혀줄께요 양념장을 푼후 총 1시간 정도 더 끓여줄꺼에요|10. 저는 얼갈이배추된장국을 끓여먹고 남은 얼갈이를 얼려놓은게 있었어요~ 우거지도 좋고 알배추도 좋아요  집에 있는거 넣어주시면 됩니당~!|11. 이제 완성이에요! 감자탕은 정말 시간이 요리해주는게 맞죠~ 오래걸린 만큼 맛있고 사먹는 거보다 훨씬 싸고 푸짐하게 온가족이 배불리 먹을 수 있답니다 ^^"
81,곰탕(설렁탕),"무 1개,쪽파 150g,설탕 4숟가락,굵은소금 1숟가락,따뜻한 물 5컵,사과 1/4개,양파 1/2개,새우젓 1숟가락,멸치 액젓 5숟가락,식은 밥 2숟가락,매실청 2숟가락,고춧가루 5숟가락,마늘 8개,요구르트 2병","1. 무는 깨끗하게 손질해서  넓적하게 사진처럼 썰어 주었어요.  설렁탕 깍두기 느낌으로 투박하게 말이죠!  네모 모양 한 입 크기로 썰어도 무관합니다.|2. 넓은 대야에 설탕(4), 굵은소금(1),따뜻한 물(5컵)을 부어  소금이랑 설탕을 녹여주세요.  ​|3. 그리고 썰어 놓은 무를 한데 넣어  10분간 절여주세요!  절이는 시간이 짧죠~  ​  절인 무는 체에 밭쳐 물기를 자연스럽게 빼주고|4. 쪽파는 다듬어서  3~4cm 길이로 잘라 주고|5. 이제 양념장을 만들어 줄 거예요.  믹서기에 사과(1/4개), 양파(1/2개), 마늘(8개),  새우젓(1), 멸치 액젓(5), 식은 밥(2), 매실청(2)를 한데 넣어 갈아주고|6. * 식은 밥을 넣어주면  번거롭게 찹쌀 풀을 만들지 않아도 된답니다.  그리고 밥을 넣으면 발효가 되어 더 맛있답니다.|7. 1차로 갈아 놓은 양념장에  고춧가루(5)를 넣고  ​|8. 요구르트(2병)을 함께 넣어  한 번에 휘리릭 갈아 주세요.  요구르트를 넣어주면 새콤하고  톡 쏘는 맛을 결정하는  나름의 비법 재료랍니다.  그러니 꼬~옥 넣어주세요.|9. 버무려 놓기 편한 넓은 볼에  절여 놓은 무, 쪽파를 한데 넣고  ​|10. 만들어 놓은 양념장을 한데 넣어|11. 고루 잘 버무려 주세요.  갓이 있으면 함께 넣어도 좋겠죠!  ​|12. 밀폐용기에 담아 실온에 반나절 또는 하루 정도 두었다가  냉장고에 두고 드심 된답니다.  김치 익힘 정도는 드시는 분 입맛에 따라 조절해 주세요.  ​|13. 완성"
82,매운탕,"생선 (원하는대로),양파,파,무,매운고추,호박,고추장 1스푼,다진마늘 1스푼,맛술 2스푼,고춧가루 2스푼,쌈장 1/2스푼 (or된장)","1. 무, 양파, 호박, 매운고추, 파 이렇게 야채를 준비해주세요.|2. 물을 넣구 무를 넣고 우선 끓여주세요.|3. 분량의 양념장을 만들어주세요.|4. 양념장을 준비한후 무가 끓고 있는동안 생선을 깨끗히 손질해주세요.|5. 이제 양념장을 물에 잘 풀어주세요.|6. 생선을 넣은 후 남은 야채 투하하고 끓여주세요. 여기서 조금 더 싱거우시면 소금을 살짝 넣으셔도 되세요. 각자 취향에 맞에 간을 맞추시고 야채와 무가 다 익으면 완성!!!"
83,삼계탕,"닭 2마리,삼계탕용약재,찹쌀,마늘,소금,대파","1. 찹쌀은 집에 한컵정도 밖에 안남았길래 이거라도 넣어줬어요 찹쌀은 1시간이상 불려서 준비해줍니다|2. 삼계탕용 약재는 마트에서 파는걸로 편하게 준비했구요 이안에 황기랑 그외 등등등.. 대추도 들어있어요ㅎㅎ 냄비에 물을 넣고 약재를 다 넣고 30분정도 끓여줍니다|3. 보통 닭이랑 약재랑 한번에 다같이 끓여주시던데 저는 저희엄마가 하시는 방식으로 할거에요~ 약재로 육수를 먼저 끓여준후 닭을 넣어야 더 맛있다고 하더라구요|4. 육수가 만들어질동안 저는 닭손질을 해야겠지요~ ​닭 두마리를 봉지에서 꺼내줬는데 매끈한게 참 요염한 자태를 뽐내고 있네요 하다보면 괜찮지만 처음엔 꺼내고 이걸 어쩌지 멍~ 했다는ㅎㅎ​ ​|5. 먼저 닭의 기름이 가장 많다는 꼬리부분을 잘라주셔야 해요 자르고 그주변으로 보이는 기름들 다 제거해주세요|6. 날개부분도 끝부분은 잘라주세요 닭손질 겨우겨우 끝! 구석구석 기름있는거 다 제거하고 안에 내장이나 더러운것들 다 파내고 흐르는 물에 씻어주고~ 한 30분정도? 소요된것 같아요|7. ​ ​ 다 손질된 닭은 보기좋으라고 다리를 꼬아줬어요​ ​보통 닭안에 대추 찹쌀 등등 다 넣으시는데 저는 안넣고 그냥 끓일거에요! 개인취향대로 안에 내용물 넣으시고 꼬으셔도 되요^^|8. 30분정도 후 육수가 진~하게 잘 우러났어요 이제 닭2마리 퐁당 해주시고 찹쌀도 그냥 넣어주세요|9. 원래는 통마늘을 넣어야되는데 저는 통마늘의 필요성을 못느껴 마늘은 다 갈아버리거든요 ㅜㅜ 어쩔수없이 다진마늘을 1스푼 넣어줬어요 ​ ​근데 저는 오히려 통마늘은 익어도 잘 못먹겠는데 다진마늘은 은은하게 마늘향도 나고 좋더라구요 앞으로도 저는 삼계탕할때 그냥 다진마늘 넣으려구요^^ ​  ​|10. 푹 30~40분정도 끓여줍니다 닭은 너무 오래끓이면 ​질겨지니 적당히 끓여주세요!! ​|11. 마지막에 간은 소금으로 해주시고, 대파 송송 썰어서 넣어서 한번더 끓여주세요|12. ​짠! 여름보양식 삼계탕이 완성됫어요"
84,추어탕,"자연산논미꾸라지 1kg,가을 풋배추 1~2단,대파 3대,마늘 5쪽,풋고추 2개,청양고추 2개,홍고추 1개,된장 2큰술,국간장 2큰술,제피가루 적당량,다진파 1큰술,된장 1큰술,간장 3큰술","1. 미꾸라지는 비닐봉지에 굵은소금을 넣고 봉하여 한동안 놔두면 서로 비비면서 해감을 토하고 미끄러운 진이 거품처럼 빠집니다. 봉지에서 꺼내어 진이 없을 때까지 여러 번 씻어주세요.|2. 큰 찜통에다 담고 미꾸라지를 푹 삶아서 식힌 후 미꾸라지 건지만 건져서 구멍 송송 난 채반에서 나무 주걱으로 으깨어 국물에 담가 가시를 걸러 냅니다.|3. 배추는 팔팔 끓는 물에 살짝 데쳐서 찬물에 헹구고 대파랑 된장 1큰술 , 간장 3큰술 넣어 무칩니다.|4. 걸러낸 미꾸라지 국물을 큰 냄비에 붓고 양념한 배추와 대파를 넣어 오래 푹 끓여서 다진 마늘, 국간장, 소금으로 간을 맞춘 후 5분간 더 끓이다가 제피가루, 풋고추, 홍고추 다짐을 넣고 마무리합니다."
85,갈비찜,"돼지갈비 2kg,감자,양파,대파,당근,버섯,밤,청양고추,진간장 2컵,설탕 1컵,물 2컵,맛술 1컵,파 1컵,참기름 1/3컵,다진마늘 1/2컵,다진생강 1T (생략가능)","1. 반나절 이상 물에 담궈서 핏물을 빼야겠지만, 그러기엔 시간이 넘 부족하고 오늘 저녁 당장 먹어야겠어서 2시간만 담궈주었어요.|2. 중간 중간에 물을 갈아주면서 뼈가루나 불순물 제거와 함께 핏물도 싹 빼주세요. 갈비는 뼈가 있어서 기계로 작업하기 때문에 뼛가루가 곳곳에 남아있게되는데, 이 과정을 거치지않으면 그걸 고스란히 먹게될수도 있으니 시간이 없더라도! 이건 꼭 빼먹지마세요.|3. 핏물을 빼는동안 야채들을 손질하구요, 재료는 대체적으로 조금 큼직하게 써는게 좋아요. 오래 익혀야 하니 그 과정에서 형체를 알아볼수 없게 될수도 있거든요.|4. 백선생님께서 당근이나 감자는 동글동글하게 다듬어 주라고 했는데, 저는 그것마저 아까워서 그냥 막 썰어 넣었네요ㅋㅋㅋ 손님이 올것도 아니고 우리 가족 먹을거니 대충 대충|5. 돼지갈비찜 만드는법 중에 제일 중요한 고기용 만능소스! 요거 메모를 해서라도 꼭 기억해두세요~ 비율이 중요하니 위에 적힌 레시피대로 만들어 놓고 냉장보관했다가 고기요리 할때마다 꺼내서 사용하기도 좋답니다.|6. 생강은 없어서 생략했는데 있으면 넣어주시면 좋겠죠? 없으면 저 처럼 안넣으셔도 맛에 큰차이는 없을듯 싶어요~ 재료는 최대한 비슷하게만 넣어주시면 되니 없다고 마트 막 달려가고 그러지마세요.|7. 두 시간 동안 핏물을 제거한 돼지갈비에 미리 만들어둔 고기용 만능소스를 부어주어요.|8. 고기가 요만큼 잠길정도로~ 2kg에 다 사용하려니 많은듯해서 저는 남은거 유리병에 부어서 따로 냉장고에 넣어뒀어요. 애들 간장불고기 할때 저것만 넣고 만들어도 참 맛있겠더라구요^^|9. 그리고 물을 조금 더 넉넉하게 부어줍니다. 따로 계랑하지 않아서 얼만큼 부었는지 기억이 나진않지만, 첨부터 너무 많이 넣진 마시고 한컵씩 넣어가면서 간을 보고 가감하시면 되어요.|10. 부글부글 끓기 시작하면 거품이 둥둥 뜨게되는데요, 요건 걷어내야 하는거 아시쥬?|11. 20분정도 끓인후 딱딱한 무나 감자를 먼저 넣어주세요. 저는 무가 없어서 감자만 넣어줬어요~ 백종원 갈비찜의 포인트 중 하나!! 야채를 나누어서 넣는건데요, 1차: 무 2차: 버섯,당근 3차: 양파,고추,파 이런식으로 딱딱한 재료들을 먼저 넣어 익혀주는거에요.|12. 끓으면 다음재료를 또 넣어주고, 간을 보고 짜다 싶으면 물을 조금씩 첨가해가며 끓여주시구요~|13. 마지막엔 금방 익는 야채들을 넣고 한번 팍! 끓여주면 끝!!"
86,계란찜,"계란 1개,물",1. 일단 계란과 동일양의 물을 준비합니다. 물대신 우유를 넣으면 더 부드럽다는데~전 비리더라고요. 신랑도 우유보단 물 넣은것이 더 맛나대요. 우유안넣어도 입에 넣으면 스르륵 녹듯이 부드러우니까 전 안넣는것을 더 강추.|2. 물과 계란(같은 비율 1:1)을 합쳐지도록 져어주세요. 소금 살짝 쳐주세요. 대충 섞이면되요. 팔아프게 안저어도 되요. 소금은 계란물 살짝 찍어 먹어봐서 살짝 짭짤할정도로. 저는 티스푼의 1/2정도 넣어요. 계란은 왕란이구요.|3. 거름망에 거른다 거름망에 거르면 완전 부드러운 찜을 할수있어요. 진짜 푸딩같아요.|4. 거름망 거르는것 3회해주기. 이렇게 알끈같은거가 다 분리되니 식감이 살지요.|5. 물에 중탕해주기. 강불(뚜껑 덮지 마세요) 처음부터 같이 끓이는거예요. 물양은 컵이 반쯤잠길 정도면 되요.|6. 물이 보글 보글 끓으면 불을 꺼주세요.|7. 불을 끈 냄비에 뚜껑 덮고 7분기다리기 뚜껑을 덮고 오로지 잔열에 의해 서서히 익히는거예요. 딱 7분만 기다리면 완성된답니다.
87,김치찜,"김치 1/4포기,돼지고기 200g,대파 1/2줄기,참기름 2T,설탕 1T,맛술 3T",1. 김치(1/4포기)는 꼬다리(?)를 잘라 궁중팬에 넓게 펼쳐 주세요~ (2인분기준 한끼 드실 양입니다^^)|2. 참기름 두스푼 넣고 중불에서 볶아 주세용^~^ (김치찜인데 볶는게 생소 하실텐데요~진짜 자신 있게 말씀 드릴수 있어요~☞☜이대로만 하시믄 완전 맛있어요~!ㅎㅎ)|3. 돼지고기(200g)는 핏물을 빼서 맛술 3스푼 넣어 잠시 두셨다가 이때 같이 넣고 볶아 주세용^~^|4. 설탕도 한스푼 넣어 주시구요~~|5. 타지않게 중약불에서 고기 겉면이 익을때 까지 볶으시다가|6. 김치가 잠길정도의 물을 넣고 쌘불로 끓여 주세요~|7. 그사이 대파 반줄기도 썰어 주시구요~|8. 요렇게 국물이 졸아 들면|9. 다시 물을 넣고 끓여 주세요^~^ (계속 쌘불 입니다~ 잠시잠시 끓을 동안 저는 소세지도 같이 구웠어용~ㅎㅎ 완전 편한 방법이라 다른거 하시면서 대충 물만 총3번 채워 주심 되셔요^~^ )|10. 요렇게 또 국물이 졸아 들면|11. 마지막으로 물을 넣어 대파(반줄기)올려서 끓여 주시면 끝이에요~!!|12. 요렇게 국물이 자작하게 있어야 더맛나죵^~^ 마지막엔 완전 졸이시지 마시고 국물을 자작하게 남겨 두셔용~~^~^|13. 쭉쭉 찢어서 밥위에 올려먹고 고기에 싸서 먹고 밥에 돌돌 말아먹고 김치랑 고기 탑(?)으로 쌓아서 먹고.. 별다른 재료 없이 초간단으로 오래 푹 끓인거 같이 깊은 맛을 느끼실수 있으실꺼에요~!!!! (너무 맛있어서 오늘도 다이어트는 물건너 갔어요ㅠ)|14. 편의점표 볶음김치 만드는 방법 바로가기☞@6866485
88,꼬막찜,"꼬막 800g,굵은소금 1/4cup,청주 2T,간장 3T,고춧가루 1T,설탕 1/2T,다진 마늘 1/2T,다진 대파 1T,참기름 1/2T,부순 참깨 1/2T,다진 청양고추 1T",1. 꼬막은 소금 1/4cup을 넣고 검은 봉지를 씌우거나 쿠킹 호일로 감싸 약 30분 이상 해감 한다.|2. 해감 한 꼬막은 깨끗한 물에 비벼가며 씻는다.|3. 볼에 분량의 양념재료를 넣고 양념장을 만든다.|4. 끓는 물에 깨끗이 손질한 꼬막을 넣고 청주 2T를 넣어 한쪽 방향으로 저어 가며 꼬막이 입을 벌리기 시작 하면 바로 불을 끄고 체에 건져 놓는다.|5. 잘 익은 꼬막은 뚜껑만 떼어 준비한다.|6. 뚜껑을 딴 꼬막에 양념장을 조금씩 올려 완성한다.
89,닭볶음탕,"닭 1마리,당면,감자3개,당근1/2쪽,양파 1~1.5개,고추3개,대파1대,다진마늘5쪽,우유200ml,멸치,다시마,표고버섯,간장 8~11큰술,고추장4큰술,고춧가루2큰술,요리당6큰술,간양파1/2개,청주1큰술,물400~600ml,후추 약간,참기름 약간,액젓 1큰술",1. 닭 한마리를 준비 합니다 저희집은 가족이 5명이라 두마리를 준비했어요 대식가거든요 ㅎㅎ|2. 당면을 물에 불려 줍니다|3. 닭을 깨끗이 씻어 손질 해 줍니다|4. 닭 사이사이 붙어있는 기름을 제거해주면 좋아요|5. 잡내를 없애기 위해 우유에 30분정도 담가 둡니다|6. 지금부터 이부분은 해도되고 건너 뛰어도 되는 과정 인데요 닭을 한번후루룩 끓여 줍니다|7. 닭끓인 물을 버리고 차가운물로 헹궈줍니다 이부분에서 제가 두가지를 해봤는데요 1.닭을 우유에 담갔다가 씻은후 삶지않고 조리한경우 2.닭을우유에 담갔다가 삶아서 조리한 경우 한번 삶아서 육수를 버리고난 닭볶음탕은 깊은맛이 없더라구요|8. 고기를 냄비에두고 닭한마리기준 간장9~11 고추장4 고춧가루2 양파갈은거1/2 마늘5알 요리당6 청주1 후추약간 액젓1|9. 이렇게 양념소스를 만들어 주세요 요거 진짜 맛집 하고 거의 흡사한 맛이에요 맛집은 낙지나 새우를 첨가해 주기도 하죠!|10. 냄비에 양념장과 육수600ml를 넣고 한소끔 끓여 줍니다 물대신 육수를 넣어주시면 좀더 감칠맛이 나는데 물로하셔도 맛있어요 육수는 물로 대체 가능|11. 그사이에 야채손질을 해주시는데요 감자는 모서리를 깎아서 넣는게 좋아요 그렇지않으면 감자가 으깨져서 국물이 텁텁해 질수가 있거든요 깎고 남은 감자는 된장찌개에 넣으시면 좋아요|12. 한소끔 끓을때 감자를 넣어 뚜껑을 덮고 중불에 30분정도 끓여 주세요|13. 대파 양파 당근 고추를 적당한 크기로 잘라 준비해주세요|14. 이제 어느정도 닭과 감자가익었네요|15. 나머지 야채를 넣고|16. 한번더 끓입니다 국물이 넉넉한게 좋으신 분들은 육수를 조금더 추가하고 양념도 살짝 추가 하시면 됩니다|17. 아까 준비해둔 당면을 살짝 삶아 첨가해주세요 삶지않고 충분히 불려서 넣으셔도 됩니다 불릴시간이 없으시면 삶아서 넣어주세요 당면은 안넣으셔도 상관 없어요 참기름 후추(선택가능)도 살짝 첨가해주심 끝
90,수육,"수육용 삼겹살 1근,굴소스 약간,후추 조금,파 1대,마늘 9알,된장 2큰술,생강 작은 것 1개,월계수잎 4-5잎 ","1. 수육용 고기는 삼겹살이 비계도 고루 있어서 부드럽고 씹힘이 좋아 많이 사용되요! 그래서 저도 항상 수육용고기는 삼겹살로 하고 있답니다 ㅎ|2. 우선 삼겹살 앞뒤로 후추를 고루고루 잘 뿌려주세요|3. 그리고 삼겹살 겉면 전체에 굴소스를 발라줍니다|4. 아무것도 두르지 않은 팬을 미리 달궈서 달아 오르면, 삼겹살을 넣고 겉면을 노릇하게 익혀주세요 미리 팬에 익혀야 육즙이 빠지지 않아 맛있어요!|5. 냄비에 고기가 푹잠길정도로 물을 넣고 월계수잎과 고기|6. 된장 2큰술, 파 1대, 마늘 9알, 생강을 넣어 30~40분, 센불 20~30분 중불로 익힌 후 불을 끄고 5분 뜸을 들여 주세요 (저는 파뿌리도 넣었어요)|7. 어느덧 수육이 맛있게 익었네요 ㅎ 고기가 충분히 잠길정도로 있었던 물이 반으로 줄었어요 ㅎㅎ|8. 인스턴트커피를 넣지 않았는데도 색이 참 예뻐요♡|9. 맛있게 잘 익은 고기는 먹기좋게 썰어 접시에 담아 내면 되구요, 썰었는데 혹시 속이 덜 익었다면 다시 익혀 줘야겠죠? 하지만 가능하면 한번에 다 익히는게 좋아요. 그래야 육즙이 빠지지 않아 맛있어진답니다!|10. 마지막으로 겉절이 올리고 깨소금 팍팍 뿌려줬어요 ㅎㅎ 너무나 맛있게 잘 익은 수육이네요 ㅎㅎ 수육만드는법 별거 없죠???ㅎㅎ"
91,순대,"순대500g,양배추3컵,깻잎 10장,양파 1/2개,대파,당근,통깨,,고추장2,고춧가루3,간장2,올리고당2,다진마늘1,다진파2,미림2,청주2,생강가루0.3,물1/2컵,참기름","1. 순대는 마트에서 쉽게 구입할수 있어요. 분식집에서 구입하는것보다 양도 많고 가격도 저렴하답니다. 뜨거운물에 데쳐서 따뜻하게 준비해주세요.|2. 분량대로 양념장을 만들어주세요. 고추장2,고춧가루3,간장2,올리고당2,다진마늘1,다진파2,미림2,청주2,생강가루0.3,물1/2컵|3. 순대볶음에 들어갈 채소를 준비하고 양배추,당근,양파,깻잎,대파|4. 데쳐놓은 순대는 먹기 좋은 크기로 썰고 순대를 미리 데쳐서 사용하심 볶다 순대가 터지는 일이 없어요.|5. 팬에 식용유를 두르고 양파,당근,양배추를 달달 볶아주세요 3분정도|6. 만들어 놓은 양념장을 넣고 채소에 양념이 적당하게 베이도록 볶아주고|7. 채소에 양념이 잘 베이면 순대를 넣고|8. 나머지 재료 깻잎,대파를 넣어 볶아 줍니다. 순대를 미리 데쳐 놓았기때문에 오랫동안 볶지 않아도 되요.|9. 마지막에 통깨,참기름을 넣어 마무리 해주세요."
92,족발,"남은족발 1줌,양파 1/4개,땡초 3개,마늘 1스푼,간장 2스푼,설탕 1스푼,올리고당 1스푼,고춧가루 2스푼","1. 남은 족발은 냉동보관 해뒀다가 전자렌지에 일분정도만 돌리세요 너무많이 돌리면 비린내나요ㅡ0ㅡ; 마늘한스푼,땡초4개,양파1/4개 이렇게 준비해주시구요|2. 식용유에 남은 족발을 볶아주세요~|3. 어느정도 볶아졌다 싶으시면 간장두스푼,마늘한스푼,설탕한스푼 넣어서 볶다가|4. 고춧가루두스푼,양파넣고 볶아주시다가|5. 땡초넣고 볶다가 마지막에 올리고당을 넣어주면 끝입니다~|6. 볶으면서 맛있는 냄새가 소~~솔~~ 반찬으로도 좋고 술안주나 야식으로도 그만입니당~!"
93,찜닭,"닭 1마리,당면 1줌 (400g),당근 1/3개,양파 1/4개,감자 1개,대파 1줌,간장 13큰술 ,커피가루 1큰술 ,설탕 3큰술 ,올리고당 6큰술 ,다진마늘 3큰술 ","1. 제일먼저 뻣뻣한 당면 한줌을 4-50분 정도 물에 담가 부들부들해질때까지 담궈놔주세요.|2. 기름기가 많은 닭의 목과 꽁무니의 기름덩어리를 칼로 잘라내주시면 되는데 닭볶음탕용 닭은 어느정도손질이 되어서 나오기때문에 저는 그냥 찬물로 몇번 헹궈주기만했어요.|3. 양파와 당근, 감자는 너무 얇지않게 도톰하니 썰어주고 감자는 물에 담가 전분기를 빼주세요.|4. 팬에 손질한 닭을 넣고 물 4컵을 부은뒤 간장13큰술과 커피가루1큰술을 넣고 끓여주세요.  여기서 커피가루라함은 당연히 프림들어가지않은 원두커피가루로 하셔야해요. 요리용으로 원두커피가루가 없으시면 카누 이용하면 되세요.|5. 바글바글 밑간한 물이 끓어 오르면서 부유물이 떠오르면 요건 국자로 떠서 제거해주어야 잡내없고 깔끔한 찜닭을 먹을수 있어요.|6. 설탕 3큰술과 올리고당 6큰술을 넣고 준비해둔 야채들도 함께 넣어주세요.|7. 모든재료를 다 넣고 뚜껑을 덮어서 10분간 끓여주세요.  감자나 당근이 딱딱하기때문에 뚜껑열고 끓여내면 절대 익지 않아요.|8. 10분이 지나면 뚜껑열고 다진마늘 3큰술과 대파, 불린 당면을 넣어주세요. 마찬가지로 뚜껑을 덮고 2분30초 동안 끓여내 주면 맛있는 찜닭 황금레시피가 완성됩니다.^^"
94,해물찜,"오징어 2마리,새우 500g,홍합 400g,바지락(등조개류) 400g,물 2컵,까나리액젓 2큰술,콩나물 2봉지,대파 2뿌리,미나리 2줌,양파 1개,고춧가루 2큰술,통깨 적당량,전분가루 3큰술,물 5큰술,진간장 7큰술,고추장 1큰술,고춧가루 7큰술,설탕 2큰술,청주 2큰술 (또는미림),다진마늘 2큰술,후추 적당량","1. 집에 있는 냉동해물과 새우등은 사온걸로 준비, 손질합니다. 냉동실에 있는 해산물 이용하세요.|2. 4~5인 분량의  양념장입니다. 미리 만듭니다.|3. 해물을 팬에 담고 김이 오르면 물 2컵을 넣고 까나리액젓을 (또는 삼게액젓) 2큰술 넣습니다. 새우가 빨간색이 되고 오징어가 반투명이 될때까지 끓여주세요.|4. 만든 양념장에서 2큰술을 넣고  계속 끓입니다.|5. 조개류가 입을 벌리면 씻어놓은 콩나물을 넉넉히 올립니다.|6. 남은 양념장을  모두 넣고 살살 섞어 줍니다.|7. 콩나물이 숨이 죽어가는 것 같을때 미나리, 양파, 대파등을 모두 올립니다.|8. 고춧가루 2큰술을 마지막으로 위에 휘리릭~ 뿌려  섞습니다.|9. 전분 갠 물을 넣어  농도 조절에 들어갑니다. 뻑뻑하게 저어지면 완성! 입니다.|10. 그릇에 푸짐~하게 담고 깨를 뿌려냅니다.|11. 소매 걷어 올리고 맛있게 드십시오!"
95,약과,"중력분 200g,참기름 4Ts,청주 4Ts,물 4Ts,꿀 4Ts,계피 1/3Ts,소금 1/3Ts,식용유,조청 220g,꿀 2Ts,계피가루 약간,잣,대추,편썬 생강 1쪽","1. 1. 물, 청주, 꿀, 계피가루, 소금을 넣고 섞어줍니다.|2. 2. 밀가루에 참기름을 넣고 밀가루에 참기름이 잘 스며들도록 비벼줍니다.|3. 3. 체에 내려주세요.|4. 4. 밀가루에 재료물을 조금씩 넣어가며 주걱으로 가르듯 섞어줍니다.|5. 5. 꾹꾹 눌러가며 뭉쳐주세요.|6. 6. 1cm의 두깨로 밀어줍니다.|7. 7. 4cm ×4cm 의 크기로 잘라줍니다.|8. 8. 중앙부분까지 잘 익도록 포크로 가운데를 찔러주세요.|9. 9. 조청,계피가루 약간, 꿀을 넣고 섞은 후 얇게 저민생강 한쪽을 넣어줍니다.|10. 10. 110° 의 온도에서 재료를 넣어주세요.|11. 11. 약과가 떠오르면 145°~150°로 온도를 올린 후 노릇해지게 튀겨지면 꺼내줍니다.|12. 12. 치킨타올에 올려 여분의 기름기를 빼줍니다.|13. 13. 따듯할 때 조청시럽에 넣고 시럽이 약과 속까지 스며들도록 반나절 담가 둡니다.|14. 14. 체에 받쳐 여분의 시럽을 제거헤주세요.|15. 15. 잣과 대추를 고명으로 얹어주세요."
96,약식,"찹쌀 4컵,깐밤 1컵,건대추 20알,건포도 4T,잣 2T (또는 견과류),물 2.5컵,흑설탕 1컵,간장 6T,꿀 2T,계피가루 1t,참기름 4T,소금 약간",1. 찹쌀을 먼저 씻어 물에 불려주세요 (찌는약식은 최소 6시간 불리지만 저희는 초간단 밥솥약식이니까 1시간만 불리자구요^^)|2. 불린찹쌀은 체에받쳐 물기를 제거한뒤 솥에 넣고 양념을 분량대로 넣어줍니다|3. 양념을 골고루 섞어준뒤 견과류. 밤등 토핑을 넣어주시고 밥솥에 취사를 눌러주세요 (전 생밤이 안익을까봐 영양밥으로 선택해 했는데 그냥 기본으로 하셔도 될듯해요)|4. 밥이 다되면 볼에 옮겨 골고루 섞이도록 주걱으로 휘저어주신뒤 식혀주세요 미지근하게 식으면 비닐팩에 넣어 팩을 접어 네모지게 모양을 잡고 눌러주심 밀대나 틀이 없어도 이뿌게 만들어집니다|5. 완전히 식은뒤 비닐팩 그대로 칼로 먹기좋게 잘라주심 흐트러지지않고 잘 잘라진다죠~~~^^|6. 랩으로 하나씩 먹기좋게 싸준뒤 이쁜 스티커도 붙이면 선물용으로 좋을듯하죠^^
97,한과,"밀가루 100g,강력분 조금,찬물 50g,대추 5개,식용유 적당량 (튀김용),연시,잣,설탕 100g,물 100g,연시 290g,꿀 70g,잣 20g,설탕","1. 우선 잣을 조금 작게 잘라 주세요. 칼로 살짝 입자 크게 다져주는 느낌으로요.|2. 냄비에 껍질과 씨를 제거한 연시와 꿀을 담고 불에 올려 바닥에 눌지 않게 주걱으로 잘 저어가며 섞어주세요.|3. 바글바글 중불에서 끓여주시는데 잘 튑니다. 뚜껑이 있으시면 뚜껑에 젖은 면보를 꽉 짜서 씌운 후 살짝 열리게 해서 덮어주세요. 물론 중간 중간 열어서 잘 저어 주셔야 하구요.|4. 사진과 같이 걸쭉해지면 불에서 내려 한김 식힌 후 믹서로 곱게 갈아주세요.|5. 연시 앙금에 잣을 넣고 섞어준 후 냉장실에 잠시 둡니다. (연시 앙금 대신 그냥 시중에 파는 팥앙금을 이용해 만들어 드셔도 좋고 단호박을 이용해 만들어 드셔도 좋습니다.)|6. 세척후 물기와 씨를 제거한 대추를 넓게 펴주고 꾹꾹 잘 눌러가며 빈 공간이 생기지 않도록 돌돌 말아줍니다. 대추를 돌돌 말아두면 풀리지 않고 그대로 모양 유지하고 있어요.   대추를 딱 잡고 칼로 가장자리 끝부분은 제거하고 약 0.3~0.4cm간격으로 썰어주시면 됩니다~ 그럼 대추꽃 완성!|7. 물과 밀가루를 볼에 담고 젓가락으로 휙휙 저어 섞어줍니다. 반죽 상태에 따라서 물의 양을 가감하시는데, 밀대로 밀면 밀리겠다 싶을 정도로만 물을 넣고 반죽해주시면 됩니다.|8. 반죽을 열심히 치대주다가 비닐에 싸서 옆에 두어 숙성시켜주세요. (밀가루 반죽은 처음에 해두면 더 좋습니다.)|9. 밀가루 반죽을 약 0.2cm두께로 얇게 밀어주세요~ 물론 바닥에는 밀가루를 조금 뿌려두어 반죽이 바닥에 들러 붙는 불상사를 예방해주면 더 좋겠죠?|10. 동그란 원형쿠키커터, 틀, 또는 그냥 동그랗게 찍을 수 있는걸로 반죽을 파지(찍을 수 없어 남은 반죽)가 최대한 적도록 붙여 찍어 준비해주세요. 반죽은 잘 마르니 밀대로 밀 때에도 나누어서 밀어주시고 찍어낸 반죽과 파지는 모두 비닐 봉투에 담아 두세요.|11. 반죽을 짝수로 찍어냈다면 반을 나눠 한쪽은 살짝 밀대로 더 밀어서 좀 더 크게 만들어주고 한쪽은 미리 만들어 둔 연시 앙금을 올려줍니다. 그리고 더 크게 밀어준 반죽에 물을 묻혀 앙금 올린 반죽을 덮고 꾹꾹 앙금이 새어나오지 않도록 눌러 붙여주세요. (기름에서 튀길 때 앙그이 새어나오면 앙금만 엄청 탈 수 있으니 안 새어나오도록 꾹꾹 눌러 잘 붙여주는게 중요해요.)|12. 약 160도 정도로 잘궈진 기름에 튀겨줄 건데요. 나무 젓가락(조리용)을 살짝 담궜을 때 기포가 뽀글뽀글 올라오면 반죽을 넣고 튀겨 주시면 됩니다.|13. 체에 받쳐 기름기를 키친타월에서 좍 빼내주며 식혀줍니다.|14. 식히는 동안 설탕시럽을 만들 건데요. 설탕과 물을 냄비에 담고 중불에서 끓여줍니다. 이렇게 설탕이 녹고 바글바글 끓으면 설탕 시럽 완성. 설탕시럽은 막 저어주지만 않으면 그냥 되요(저어주시면 결정이 생겨버린답니다.)|15. 식혀준 과자를 넣고 설탕 시럽을 입혀주면 끝. 마무리 장식으로 대추 곷을 한개씩 올려주면 완성입니다."
98,멍게,활 멍게 2kg,1. 멍게를 흐르는 물에 1차 세척해주세요.|2. 멍게를 횡으로 절단해주세요.|3. 멍게 속에서 S 소화기관을 찾아주세요. S라인의 소화기관을 절개하여 속에있는 뻘을 세척해주세요.|4. 초장을 듬뿍 찍어서 멍게가 지닌 바다의 향을 그대로 느껴보세요. 이물질 1%없는 생생한 멍게의 맛을 선사합니다.
99,물회,"오이 1/2개,당근 약간,양배추 두 줌,해산물 기호에맞게,고추장 3Ts,고춧가루 3Ts,식초 12Ts,설탕 2Ts,소금 1/2Ts,매실청 3Ts,물 250ml,사이다 500ml,깨소금 4Ts,참기름 1/2Ts,얼음 약간","1. 야채들은 최대한 얇게 채 썰어서 준비해 주세요.|2. 해산물을 손질해서 준비해 주세요.|3. 고추장, 고춧가루, 식초, 설탕, 소금, 매실청, 물, 사이다, 깨소금, 참기름을 넣고 잘 섞어주세요.|4. 야채 위에 준비한 해산물을 올려준 뒤 만들어 두었던 국물을 부어주세요."
100,육회,"소고기 1/2근 (앞다리/우둔/엉덩이),배 1/3개,쪽파 2대,계란 노른자 1알,소금 1/2T,설탕 1/2T,국간장 1/2T,참기름 1T,매실액 1/2T,다진마늘 1T,통깨 1/2T","1. 빛깔좋은 육회용 고기를 정육점에서 구매해주세요. 육회용 고기는 우둔(엉덩이살), 홍두깨살, 앞다리살이 지방이 적어서 육회용으로 적합해요.|2. 육회용 고기의 핏기를 제거하는 방법은 키친타월을 바닥에 1장 깔고 고기를 올려 얇게 편 후 키친타월을 1장 더 깔아주세요.|3. 쪽파는 송송 썰어주고, 마늘은 편썰어주세요.|4. 배는 껍질을 까준 후 1/3개의 밑면 기둥을 잘라 세운 후 얇게 썰어 채썰어주세요|5. 핏물이 제거된 고기를 꺼내고 볼에 고기와 송송 다진 쪽파를 넣어주세요.|6. 양념을 해주세요. 소금 1/2T, 설탕 1/2T, 국간장 1/2T, 참기름 1T, 매실액 1/2T, 다진마늘 1T, 통깨 1/2T|7. 위생장갑을 끼고 후다닥 잘 무쳐주세요,|8. 그릇에 배를 깔고 준비한 육회, 편마늘, 노른자를 올려주세요.|9. 육회 완성입니다. 10분만에 휘리릭 만들어 낼 수 있는 고급 요리랍니다."
101,산낙지,"전복 2마리,산낙지 5마리,홍고추,대파,청양고추,양파,,무,멸치,다시마,건새우,건홍합,북어포","1. 무와 멸치다시마, 건새우, 건홍합, 북어포를 넣고 푹~육수를 우려주세요|2. 전복은 솔을 이용해 깨끗하게 손질하여 칼집을 넣어주세요|3. 낙지는 굵은소금을 뿌려 박박문질러 빨판안에 있는 이물질을 제거해 주세요|4. 무우는 나박썰기, 양파, 대파, 홍고추, 청양고추는 채썰어주세요|5. 30분이상 푹 우려낸 육수는 면보에 걸러 찌꺼기를 걸러내 맑은 육수로 만들어 주세요|6. 맑게 우려낸 육수에 나박썰기한 무를 한소끔 끓여주세요|7. 무가 투명하게 변하면 전골냄비에 무와 육수를 넣어주세요|8. 끓어오르기 시작하면 양파, 홍고추, 청양고추, 대파를 넣고 한소끔더 끓여주세요|9. 보글보글 끓어오르면 산낙지를 넣어주세요|10. 바로 전복을 넣어주세요|11. 보글보글 연포탕에 낙지와 전복을 다 먹은 후 소면을 넣어 국물과 함께 후루룩!!|12. 그렇게 먹고도 또 밥을 넣어 죽을 만들어 먹었네요"
102,장조림,"소고기 홍두깨살 2근,간장 1.5컵 (240ml),설탕 4큰술,생강 1쪽 (또는생강가루1/2큰술),물 2L ,마늘 10알,삶은계란 적당량","1. 준비한 두툼한 고기를 짧은 조리시간을 위해 이렇게 옆으로 저며주었어요.|2. 냄비에 찬물을 고기와 함께 담고 끓입니다.|3. 이렇게 부글부글 핏물이 올라오네요, 5분 정도만 끓이고 고기를 채에 거른 후, 이 물은 버리는거예요~ 그래야 냄새 없이 깨끗합니다.​|4. 100% 삶아지지는 않은, 핏물과 불순물은 빠진 상태입니다.|5. 다시 깨끗한 냄비에 물을 바글바글 끓여 주세요.|6. 끓는 물에 미리 애벌로 삶았던 고기와 설탕 4큰술을 넣는답니다.|7. 계속 올라오는 거품은 깨끗이 걷어 주고요~ 간장도 1컵반을 넣어주세요.|8. 간장 넣을 때 미리 삶아놓은 계란이나 메추리알도 함께 넣어줍니다. 저는 달걀의 양이 어마어마하죠 ㅎ|9. 그렇게 다시 바글바글 약 20분정도, 상태를 봐 가면서 끓이고 조리세요.이 때 준비한 마늘도 넣고, 고추가 있으면 함께 넣어주어요~|10. 고기는 먹기좋게 썰거나 찢으면 완성입니다.|11. 짜지않고 그렇다고 싱겁지도 않게 감칠맛이 나는 장조림이예요, 계란도 물 잘 들었고요, 맛있게 드세요 :D"
103,생선전,"생선회 2컵,부침가루 2스푼,계란 2개,소금 1꼬집,후추 약간",1. 생선회에 소금과 후추를 솔솔 뿌려 밑간을 해주세요 .|2. 계란에 소금 한꼬집 넣고 후추 넣고 잘 저어 주세요.|3. 부침가루를 접시에 담아 놓고 생선회를 부침가루 옷을 입혀주고 한번 가볍게 털어 주세요.|4. 부침가루 입힌 생선회에 계란옷을 입혀 주세요.|5. 후라이팬을 달구고 오일을 1-2스푼 넣어 잘 코팅해 주고 생선회를 올려 놓아요.|6. 앞뒤로 노릇 노릇 구워주세요.
104,쫄면,"쫄면 2인분,오이 1/2개,양배추 1줌,당근 1/3개,콩나물 1/2봉지,상추 3장,삶은달걀 1개,참기름 1큰술,고추장 4큰술,고춧가루 4큰술,식초 4큰술,간장 3큰술,설탕 3큰술,매실액 3큰술,맛술 1큰술,사이다 1/3컵,다진마늘 1큰술,통깨 2큰술","1. 고춧가루, 고추장, 식초는  같은 비율  ( 4큰술씩 )|2. 설탕, 간장, 매실액 같은 비울  ( 3큰술씩 )|3. 맛술을 조금 넣어 감칠맛을 더해주고  사이다를 넣어 양념장을 묽게 만들어준다  ​|4. 통깨는 손으로 으깨어 넣어주면  고소함이 더하다  다진마늘도 넣어 주고|5. 맛을 보고 취향에 맞게  간장, 매실액, 식초를 추가로 넣기|6. 콩나물은 삶아서 준비하고  다른 야채들은 얇게 채 썰어준다  ​  양배추나 당근은 감자 껍질 벗길 때 쓰는  필러로 얇게 슬라이스해서 채를 썰면  아주 얇게 채 썰 수 있어 편하다|7. 쫄면을 먹을 만큼 덜어내서  가닥을 잘 풀어 준 뒤에 삶아준다|8. 쫄면 불지 않게 삶기  ​  끓는 물에 면을 넣고 잘 저어가면서 4분쯤 삶아준다 이때 식용유 한 큰술 넣어 삶기~!|9. 면에 기름으로 코팅이 되어  잘 퍼지지 않고 쫄깃함이 오래간다  찬물에 잘 헹구어 주고|10. 식용유를 넣어 삶았기 때문에  물에 헹구어도 윤기가 반지르르~  ​  면의 탱탱함이 확실히 오래간다|11. 면을 그릇에 담고 참기름으로  살짝 무쳐낸 뒤 야채를 올린다  ​|12. 늘 사진을 찍는 시간이 있어서  먹을 때쯤에 면이 불때가 많다  ​  그래서 생긴 노하우는  ​  바로 식용유나 올리브오일을 넣은 물에 면을 삶고 찬물에 헹군 뒤에  참기름 한 바퀴 둘러 먼저 비벼주기~|13. 확실히 면이 빨리 불지 않아서  마지막 한 젓가락까지 맛있게 먹을 수 있었다"
105,간장게장,"꽃게 5마리,간장 3머그컵,물 3.5머그컵,청양고추 4개,홍고추 2개,사과 1개,생강가루 1큰술 (or 날생강 생강청),소주 3큰술 (or청주),통마늘 7~10개","1. 4~6월에는 알이 꽉 찬 암꽃게가 실하니 먹을만 하답니다. 들어 봤을때 묵직한 것이 살이 꽉차서 좋다지요.|2. 분량의 양념재료 간장 3머그컵, 물 3.5머그컵, 사과 썬 것, 청양고추, 홍고추, 청주 3큰술, 생강가루를 넣고 팔팔 끓여서 식혀 줍니다. 간장 양은 기호에 맞게 가감해서 넣어 주셔도 된답니다. 사과 대용으로 100% 사과즙을 넣어 주셔도 좋습니다.|3. 간장게장 소스가 식는 동안 꽃게를 손질 합니다. 게의 뾰족한 부분은 가위로 잘라내 줍니다.|4. 주방용 칫솔로 게를 구석구석 닦아 줍니다.|5. 통에 꽃게를 담고 완전히 식힌 게장소스를 체에 받쳐 부어 줍니다.|6. 생청양고추와 건홍고추 몇개를 넣어서 간장소스 넉넉하니 부어 냉장고에서 만하루 이상 숙성시켜서 드시면 된답니다. 만든지 3일째 되는 날이 가장 맛이 좋답니다. 간장게장 만드는법, 소스 재료 몽땅 넣어 데려서 식혀 붓기만 하면 되니 어렵지 않답니다. 간장게장을 오래 두고 드실거면 꽃게를 따로 건져서 냉동고에 먹을만큼씩 패키지 해서 넣었다가 하나씩 꺼내어 냉장보관한 장을 부어서 드시면 된답니다."
106,감자채볶음,"감자(중) 2개,양파(중) 1개,당근 약간,카놀라이유 약간,통깨 약간,소금 약간",1. 껍질벗긴 감자는 채를 썰어 소금에 5분정도 절였다 사용합니다.|2. 양파와 당근도 채썰어 준비합니다.|3. 소금에 절였던 감자는 꼬옥짜서 물기를 제거한후 후라이팬에 기름을 약간 두른후 볶아줍니다.|4. 감자를 2~3분가량 볶다가 채썰어논 양파와 당근을 넣어 볶아줍니다.|5. 마지막에 통깨를 넣고 뒤적여내시면 끝.|6. 감자볶음 완성입니다. 마지막에 후추가루를 살짝 뿌려도 좋아요.
107,건새우볶음,"건새우 2줌,케찹 2큰술,간장 1큰술,올리고당 1큰술,설탕 1/2큰술","1. 건새우는 한번 볶아서 잔부스러기를 제거해주세요 ,식용유를 두르지 않은 팬에서 한번 볶아주세요. 달궈진 팬에 건새우를 넣고 겉면이 살짝 하얗게 변하도록 볶아주세요.|2. 볶아주는동안 분량의 양념을 미리 준비해주세요. 케찹 2큰술, 간장 1큰술, 올리고당 1큰술, 설탕 1/2큰술|3. 볶아진 건새우를 채에 받혀서 잔부스러기를 털어주시면 되는데요. 살짝 손으로 저으면서 털어주시면 되요.|4. 그다음 분량의 양념을 팬에 넣고 살짝 끓여주세요. 보글보글 끓어오르기 시작하면 건새우를 넣어주시면 되는데요.|5. 건새우를 넣고 양념이 잘 어우러지도록 뒤적거려주세요.|6. 양념이 너무 끓어오르면 탈수있기때문에  반정도 섞어주신다음에 불을 꺼주시고 남은 열기로 마무리 양념을 해주시면 된답니다."
108,고추장진미채볶음,"진미채 1봉,청양고추 1개,마요네즈 2T,고추장 2T,들기름 1ts,물엿 2T,간장 1T,다진마늘 1ts,고추가루 1ts,깨","1. 진미채 1봉을 먹기좋은 크기로 잘라주세요. 가위로 송당 송당!|2. 고추장 2T, 들기름 1ts, 물엿 2T, 간장 1T, 다진마늘 1ts, 고추가루 1ts를 넣고 섞어서 양념장을 만들어주세요.|3. 잘라놓은 진미채에 마요네즈 2T를 넣고 버무려주세요.|4. 마요네즈로 버무린 진미채에 만들어놓은 양념장을 버무려줍니다.|5. 청양고추 1개를 얇게 잘라주세요.|6. 마른팬에 약불로 불 올리시고 들기름 조금 두르고 양념된 진미채를 넣고 볶아주세요. 고추장 양념은 잘 타니까 약불에서 재빠르게 뒤적대며 볶아줍니다. 그리고 깨를 솔솔 뿌리고 뒤적여주세요.|7. 2~3분정도 볶았으면 불을 끄고 팬에 남아있는 열기로 볶아주세요. 진미채가 조금씩 뭉치는데 젓가락으로 살살 풀어가면서 남은 열기에 볶아주세요.|8. 약간 꾸덕한 느낌이 됬으면 완성! 맛보면 딱딱하지 않아요. 마요네즈를 넣으면 촉촉하더라구요.^^|9. 요렇게 고추장진미채볶음 만들어놓으면 마음이 든든합니다. 간단한 반찬. 밥도둑이죠?^^ 냉장고에 넣어도 딱딱해지지 않아서 좋아요. 매일 매일 다 먹을때까지 밥상에 올라오는 고추장진미채볶음 간단하게 만들어보세요!"
109,김밥,"밥,김밥용 김 12장,햄 8개,단무지 8개,오이 1.5개 ,당근 1개,어묵 2장,계란 3개,맛살 4개 (생략가능),참기름,소금,간장,맛술,물엿",1. 쌀과 물의 비율은 1:1 저는 쌀의 양을 머그컵으로 한 컵 반 정도 했는데 6줄 싸고 좀 남더라고요. 재료가 남아서 햇반 1개를 더해서 총 8줄을 만들었어요. 쌀의 양을 종이컵 기준으로 4컵 잡으시면 8~9줄 정도 싸실 수 있어요.|2. 계란 3개를 풀어 소금 약간 물 2큰술을 넣어 계란말이 하듯이 두툼하게 지단을 만들어 길게 썰어 준비해주세요|3. 당근은 채 썰어 끓는 물에 30초 데친 뒤 찬물에 헹궈 물기를 제거 한 다음 소금 간을 해주세요. 당근을 볶지 않고 데치는 것이 당근의 아삭한 식감을 살리는 포인트라고 해요.|4. 오이는 돌려 깎아 채 썰어 주시고요. 이때 밑간은 따로 하지 않고요. 씨부분은 수분이 많아 사용을 하지 않는다네요.|5. 어묵은 두껍게 채 썰어 기름에 볶다가 설탕 반큰술 간장 1큰술 맛술 1큰술 물 반의 반컵을 넣고 물이 졸아들때까지 1분 정도 센불에서 졸여주세요.|6. 햄은 그냥 사용해도 되지만 전 살짝 데쳐서 사용했고요. 황금레시피에선 햄 2개를 사용했는데 저는 맛살이 있어서 햄 1개 맛살 반개씩 넣었어요.|7. 단무지와 우엉은 세트로 파는 것을 구매해 사용했어요. 혹시 생우엉을 사용하신다면 우엉 20개 기준으로 껍질을 벗기고 길쭉하게 잘라 설탕 2큰술 간장 3큰술 맛술 3큰술물엿 3큰술 물 반컵을 넣고 조려주면 된다네요.|8. 마지막으로 밥이 다 되었다면 참기름과 소금의 비율을 3:1로 해서 섞어준 뒤 한 김 식혀주세요.|9. 김밥을 싸실때 김의 거친 면 위에 밥을 펴 주시면 되는데요. 밥의 양은 밥공기로 반공기 정도가 적당하다고 해요. 최대한 얇게 펴주시고요.|10. 김 반장을 위에 한번 더 깔아주세요. 재료에서 나오는 수분으로 김밥이 축축해지는 걸 막아주고 각 재료의 식감을 잘 느낄 수가 있다네요.|11. 속재료는 오이->당근->우엉->어묵->햄2개->계란 지단-> 단무지 순으로 올려주세요. 당근과 오이는 듬뿍 넣고 어묵도 양이 많아 듬뿍 우엉은 2~3개 정도 햄1개 맛살 반개 계란 지단 1개 단무지 1개 넣었어요. 이제 김발을 이용해 잘 말아주세요.|12. 김밥에 참기름도 살짝 발라주고요. 칼에도 참기름을 살짝 발라서 살살 톱질하듯 슥슥슥슥~썰어주시면 완성입니다.
110,김치볶음밥,"김치 1컵,설탕 1스푼,진간장 1스푼,고추가루 1스푼,참기름 2스푼,마요네즈 1스푼,된장 1/3스푼,파 2큰술",1. 김치 1컵을 잘게 썬다. 새김치는 안되지만 살짝 익은 정도의 김치면 가능. 레시피에 쓰인 김치는 마트표 종xx 표 김치~|2. 김치에 모든 양념을 넣고 잘 비벼준 다음 식용유 3스푼을 붓고 달군 팬에 재료를 고루 펴서 부어준다. 그리고 뚜껑을 덮고 약 1분간 그대로 둔다. 김치말고 살짝 익은 깍두기를 잘게 다져서 해도 완전 맛있어요~ --양념무게 환산 고추가루 1스푼 (6~7g) 설탕 1스푼 (10g) 진간장 1스푼 (8g) 참기름 2스푼(12~14g) 마요네즈 1스푼 (15g) 된장 1/3스푼 (10g) 다진대파 2큰술 ( 5~6g)|3. 뚜껑을 열고 수분이 거의 남지 않는 꾸덕한 상태가 되었는지 확인하고 수분이 많이 남아 있으면 1분정도 더 볶아 주고 수분이 거의 날아간 상태라면 밥 2공기를 넣고 볶는다. 밥2공기는 햇반 한개 210g 짜리 2개 분량입니다.|4. 흰밥이 보이지 않을 정도로 고루 섞어 준 다음 팬에 골고루 밥을 편다음 뚜껑을 덮고 쎈불에 그대로 20~30초간 둔다.|5. 전혀 새로운 맛의 김치 볶음밥이 완성 되었습니다~ 맛있게 드세요~ 하트하트~^^~ 레시피 페이지속 레시피 동영상 시청은 레시피 제작에 커다란 힘이 됩니다.
111,깻잎장아찌,"물 1.5종이컵,진간장 1종이컵,매실청 0.5종이컵,설탕 0.3종이컵,식초 0.3종이컵,깻잎 30장,식초 1숟갈 (세척)","1. 깻잎 식초물에 5분가량 담구어 흐르는물에 헹궈줍니다.|2. 물 1.5컵, 진간장 1컵, 매실청 0.5컵, 설탕 0.3컵, 식초 0.3컵 쎈불로 끓여주세요. 완전 보글보글 거리면 열김을 식혀주세요.|3. 깻잎을 먹기좋게 가위로 반틈 잘라주었어요^^  한장은 늘 크다고 느낄때도 있어서 먹기좋게 잘라 반찬통에 담아보았어요!|4. 식은 간장을 부어 냉장보관 해주시고, 3일 뒤에 고기와 먹으면 된답니다^^  더 오래 보관하고 싶으시면 중간에 간장을 한 번더 끓여주시고 양파를 넣어주면 양파장아찌랍니다❤️|5. 삼겹살과 깻잎장아찌 환상궁합❤️ 깻잎 한번 사면 양이 많아 항상 남고, 빨리 시들해져서 아까웠는데 이렇게 간단 깻잎장아찌로 삼겹구이를 더욱더 맛있게 즐겼네요^^!"
112,꽈리고추무침,"꽈리고추 1봉지,고춧가루 1큰술,설탕 1/2큰술,통깨 1/2큰술,후추 약간,간장 2큰술,참기름 1큰술,마늘 약간,쪽파 2개,참치액젓 1/2큰술","1. 꽈리고추는 꼭지를 따로 씻어서 끓는 물에 소금 살짝 넣고 데쳐줘요. 아주 살짝. 그냥 넣었다가 휘휘 저어 뺀다고 생각하심 되요.|2. 꺼내서 찬물에 헹궈줘요. 크기가 큰 것은 반으로 잘라주구요.|3. 그때 먹어본 맛을 기억해 보며 양념을 넣어요. 고춧가루, 설탕, 깨소금, 후추, 간장, 마늘, 참기름, 쪽파, 참치액젓을 조금씩 넣었어요. ​|4. 살살 버무려주니 고소한 참기름 냄새가 폴폴~~~~|5. 살짝 데친거라 꽈리고추의 아삭함도 살아있고 양념맛으로 먹으니 더 맛난거 같아요."
113,누룽지,"누룽지,남은야채들,다시마 (육수용),대파,버섯,양파,당근,계란 1개,소금 2t,국간장 1T,참기름 1T","1. 누룽지는 적당량의 물을 넣은 냄비에 넣고 끓여 줍니다.|2. 육수가 있다면 사용하면 되겠지만, 저는 그냥 처음에 다시마도 누룽지랑 같이 넣고 끓여주고 중간에 건져 냈어요.|3. 누룽지가 끓고 있는 동안 야채들을 준비합니다.  적당한 크기로 다다다다~^^ 남은 야채들 모두 꺼냈네요. 대파, 버섯,|4. 누룽지가 보글보글 끓으면 처음에 넣었던 다시마는 건져내줘요~^^ 멸치도 같이 넣었다면 같이 걷어 내면 되겠지요.|5. 준비했던 야채들을 넣어 줘요~|6. 소금으로 살짝 간을 맞춰 줍니다.|7. 국간장도 살짝 넣으면 좀 더 맛있긴하더라구요.^^|8. 계란도 하나 풀어 넣어주면 좀 더 든든하게 먹을 수 있어요.|9. 누룽지가 맛있고 부드럽게 퍼졌다면 불을 끄고 참기름 한스푼^^"
114,도라지무침,"도라지채 300g,양파 1/2개 (대),당근 1/4개 (대),대파 1개,고추장 2스푼,고추가루 2스푼,다진마늘 1/2스푼,설탕 2스푼,소금 1/2작은스푼,2배식초 2스푼 ,통깨 1스푼,굵은소금 1스푼","1. 도라지채에 굵은소금을 넣고|2. 바락바락 주물러 쓴맛을 빼줍니다.|3. 찬물에 담궜다가 채반에 놓고 물을 빼 놓습니다.|4. 양파,당근,대파는 채를 썰고, 다진마늘도 준비합니다.|5. 고추장,고추가루,설탕,소금을 잘 섞어줍니다.|6. 양념장 그릇에 도라지와 준비한 야채를 넣습니다.|7. 조물조물 무치다가 2배식초(식초)를 넣어줍니다.|8. 통깨로 마무리 합니다.|9. 입맛 돋우는 도라지무침이 완성되었습니다."
115,도토리묵,"도토리가루 1컵,물 5~6컵,소금 1/2숟가락,식용유 1/4숟가락,플라스틱통 (이나 볼)","1. 도토리가루와 물을 준비합니다.  친절한 레시피에선 가루와 물 비율이 1:6으로..|2. 가루에 물을 부어 거품기로 풀어 줍니다.|3. 냄비에 부어 중불에서 끓이기 시작합니다.  * 눌러붙지 않게 저어 주어요.|4. 색깔이 변하면서 조금씩 엉키기 시작하면  소금을 넣어 줍니다.  * 소금은 입맛에 따라 생략 가능합니다.|5. 묵이 엉켜 분화구처럼 생기면...  약약불로 조절한후 식용유 아주조금을 넣어 줍니다.|6. 눌러붙지 않게 약약약불로 조절하여  15분에서 30분정도 뜸을 들인다 생각하면서 저어 주면서 설설 끓여 줍니다.  * 오래 뜸을 들일수록 맛있다고 합니다..|7. 다 만들어지면... 플라스틱통이나 작은볼에 담아 줍니다.|8. 선선한 곳에서 식혀줍니다...|9. 이 상태가 되면 냉장고에 보관후 완전히 굳어지면 먹을수 있어요.  * 랩을 씌워도 되지만.. 뚜껑 닫고 그냥 보관했어요.|10. 묵무침, 묵밥, 묵사발, 묵샐러드..  다양하게 먹을수가 있어요.."
116,두부김치,"두부 1모,신김치 1/4쪽,삼겹살 250g,양파 1개,당근 약간,대파 1대,고추 2개,설탕 1숟갈,고춧가루 1.5숟갈 ,진간장 3.5숟갈 ,다진마늘 1숟갈,참기름 약간","1. 저는 고기는 삼겹살을 준비했어요! 먼저 삼겹살을 이렇게 팬바닥에 깔아줍니다 목살을 사용하실거면 기름을 약간 둘러줘야하지만 저처럼 삼겹살을 사용할경우에는 충분히 기름이 나오므로 그냥 바로 구워서 사용하시면 됩니다|2. 양파와 당근(필수재료아님), 대파와 고추는 미리 쫑쫑쫑 썰어놓고 ~~  김치도 먹기좋은 사이즈로 썰어두세요|3. 삼겹살을 먼저 익혀줄께요 ~ 노릇노릇 구워주시면 되는데요 여기서 포인트는 바로 설탕 한숟갈 !! 미리 함께넣어 고기를 익혀줍니다|4. 노릇노릇 고기가 맛나게 잘익었다면|5. 물을 반컵 부어주고 고춧가루 1숟갈 반, 진간장 3숟갈 반, 다진마늘 1숟갈 투하! 물을 넣어주면 양념 넣는 사이에 고기가 타거나 눌러붙을 걱정이 없어요 ~|6. 그리고 김치투하 두부김치는 역시 신김치로 해야 제맛이죠!|7. 김치를 아삭아삭 볶아주다가 양파와 당근도 넣어 익혀주고|8. 마지막에 불끄고 대파와 고추넣고 섞어준뒤, 참기름 휘릭 둘러 마무리 ~|9. 두부도 따뜻하게 데워주세요 ! 두부를 데울때 참기름을 약간 넣어주면 두부에 기름향도 나고 좋다고 하더라구요|10. 그릇에 예쁘게 담아내면 완성♥"
117,떡볶이,"떡볶이떡 2컵,물 2컵,대파 1/2대,통깨 약간,고추장 2T,고추가루 1.5T,간장 2T,설탕 3T",1. 먼저 종이컵 기준 물 2컵에 떡볶이떡을 넣고 센불에서 팔팔 끓여 줍니다.|2. 물이 팔팔 끓으면 양념을 다 넣어준 뒤 잘 풀어주고 또 자글자글 끓여 줍니다.|3. 국물이 졸아들면 대파를 가위로 쫑쫑 썰어 넣어주시고 통깨 약간 뿌려 주시면 끝!|4. 너무 간단한데 맛있어서 놀라는 백종원 분식점 떡볶이 완성입니다!|5. 한개 먹어보니 어머머!정말 분식점에서 파는 떡볶이 맛이 나면서 넘 맛있어요. 너무 간단한데 맛있어서 놀랬어요^^
118,라면,"라면 1인분,파 약간,청양고추 1개,라면수프 1/2개,굴소스 2T,버터 약간,마요네즈 취향껏",1. 라면을 3분정도 끓여줍니다|2. 물은 약간만 남기고 버리고 라면수프 반개를 넣어 잘 섞어줍니다|3. 굴소스를 넣어서 섞어주고|4. 국물이 자작자작해지면 버터를 넣습니다|5. 파를 넣고 잘 볶아준 후 불을 끕니다|6. 마요네즈와 청양고추를 위에 얹으면 완성 +_+
119,라볶이,"떡볶이 1컵,오뎅 1컵,라면 1봉지,물 2~3컵,설탕 3T,고추장 1T,간장 2T,고춧가루 1.5T","1. 분량의 재료를 준비해주세요|2. 물2컵에 떡볶이 어묵을 넣어 주세요|3. 설탕을 제일 먼저 넣고 끓기 시작하면 고추장,고춧가루,간장을 넣고 끓여주세요|4. 라면과 파는 마지막에 넣어주세요|5. 라면을 반으로 갈라 넣어주세요|6. 레시피는 2컵이지만 전 3컵을 넣었더니 국물도 살짝있는게 간도 잘 맛더라고요|7. 면이 익으면 대파를 넣고 한소끔 끓이면 완성!!|8. 먹다 남은 김밥이나 튀김이 있으면 같이 곁들여 먹음 더욱 맛있어요"
120,막국수,"메밀국수 300g,적채 40g,상추 7장,당근 40g,양파 40g,오이 40g,사과 1개,간장 4큰술,고춧가루 4큰술,마늘 1큰술,식초 4큰술,설탕 3큰술,사이다 100ml,깨소금 1큰술,연겨자 1/2큰술,아몬드 슬라이스 2큰술",1. 사과1개 강판에 갈아서 즙만 걸러서 사용해요.|2. 분량대로 막국수 양념을 전부 넣고 잘 섞어서 냉장고에 두고 야채 썰고 국수 삶을 동안 숙성시켜주세요.|3. 메밀국수 3인기준 300g 양 펄펄 끓는 물에 4~5분정도 삶아 주세요. 중간에 거품 위로 막 올라올때 물한컵 넣고 끓여주고 다시 또 거품 위로 막 올라오면 물한컵 넣어서 끓여주세요. 안넘치고 쫄깃하게 삶는 방법입니다.|4. 냉장고에 있는 야채를 적당한 크기로.썰어서 준비해요. 다른거 없으면 상추정도만 있어도 되고 없어도 양념맛으로 충분히 맛있습니다.|5. 군침 도는 막국수 완성입니다.
121,멸치볶음,"멸치,다진파 1/2뿌리,다진마늘 1큰술,통깨,견과류,간장 1.5큰술,올리고당 4큰술,설탕 1큰술,마요네즈 1큰술 (듬뿍),소주 1큰술 (or 맛술)","1. 멸치양은 요정도 준비 해 봤어요~ 시장에서 한봉지 산 양!!|2. 먼저, 마른팬을 달궈 기름을 두르지않고 중간불에 멸치를 휘리릭~ 볶아줍니다.타지않게 골고루 볶아주세요~! 견과류를 넣고 싶다면 요때 같이 볶아주시면되요! 비린내가 나지않게 하면서 바삭한 멸치볶음을 만드는 과정이랍니다~|3. 멸치가 약간 노릇~하게 될때까지 잘 볶아주시면 되요|4. 이렇게 한번 덖어내면 맛있는 멸치볶음이 만들어진답니다^^|5. 한번 덖어낸 멸치는 잠시 다른그릇에 옮겨놓고~~|6. 재료준비를 해 주어요~ 파는 다져서 준비 해 주고~매콤한맛을 좋아하신다면 청양고추도 송송썰어 준비 해 주시면 되요~ 멸치볶음 양념은, 분량의 간장와 올리고당, 설탕을 넣어 섞어 만들어 주어요.소주나 맛술이 있으면 한큰술 넣어줘도 좋구요~|7. 달군팬에 기름을 넉넉히 두르고~|8. 다진마늘 1큰술을 넣어 볶아줍니다. 불을 좀 줄여서 볶아야 타지 않겠죠​??|9. 그리고 다진파도 투입! 마이쏭은 그냥 송송 썰어준 파를 투척! 파향이 잘 우러나게 볶아주세요.​|10. 이제! 마늘과 파를 이용한 파기름에, 멸치를 넣어 함께 볶아줍니다|11. 멸치를 기름에 코팅시켜준다~ 생각하시구​, 골고루 볶아주시면 되요~|12. 그 다음엔~ 소스 투척!!! 소스를 넣으면 늘러붙기도 하고 탈 수 있으니 요때 불은 off 해 두는걸로!! 소스가 골고루 묻게 잘 뒤적여준 다음!!|13. 오늘 멸치볶음의 하이라이트!|14. 마요네즈를 한큰술 듬~뿍 넣어 줍니다! 진미채볶음 할때도 그렇고~ 요 마요네즈는 신의 한수! 더 부드럽고~ 한층 고소한 맛을 느낄 수 있으실꺼에요!!|15. 마무으리! 로 꼬소~한 통깨 팍팍!! 뿌려주면!!!|16. 건강하고 맛있는 멸치볶음이 완성된답니다.|17. 마이쏭은 멸치볶음 만들어, 도시락메뉴로 와따! 인 멸치주먹밥을 만들어 먹기도 해요~ 가위로 잘게 썰은 멸치를 밥에 넣고, 간장, 참기름, 설탕조금, 깨소금, 김가루 넣고 조물조물~해서 동그랗게 뭉쳐~ 간단! 하게 만든 주먹밥도 참 별미랍니다!!"
122,물냉면,"냉면면,냉면육수 1봉,양파 1/4개 (생략가능),고추장 1큰술,물엿 1큰술,간장 1큰술,소금 1큰술,다진마늘 1큰술,매실청 2큰술,설탕 4큰술,식초 4큰술,깨소금 1큰술,후추 약간,고추가루 1/2컵",1. 계란을 삶아준다. (완숙 15분)|2. 양념을 넣고 섞어준다.(양파를 넣을 시 믹서에 갈아준다). 그 후 고추가루1/2컵을 넣고 섞어준다.|3. 끓는물에 냉면면을 넣고 3~40초가 삶는다.|4. 접시에 면 - 육수 - 양념장 - 계란순으로 얹어 먹는다.
123,보쌈,"돼지고기 1kg,물 1.4L ,진간장 150ml,맛술 120ml,설탕 2큰술,계피가루 1/2작은술,월계수잎 2장,팔각 1개,마늘 5개,대파 1/2대,집간장 1큰술,커피가루 1큰술,생강가루 1/2작은술,연겨자 1큰술,진간장 1큰술,식초 1큰술,설탕 1큰술,깨소금 1큰술,청양고추 2개,마늘 7~8개","1. 돼지고기는 물에 핏물을 씻어내고 4등분으로 썰어 주세요|2. 냄비에 위의 분량의 재료을 전부 넣고 센불에서 끓여 주세요.|3. *끓기 시작하면 센불에서 20분 정도 끓이다가 *중불에서 20분 정도 더 끓여 주세요|4. 불을 끄고 그대로 10~20분 두세요.|5. (청양고추 연겨자 소스 만드는 방법) *청양고추는 다져 주세요.|6. 마늘는 얇게 편 썰어 주세요.|7. *위의 분량의 양념(진간장,연겨자,설탕,식초,깨소금 각 1큰술)을 넣고 섞어 준 후 *다진청양고추를 넣고 섞어 주세요. *편 썬 마늘도 넣어 주세요.|8. 돼지고기는 얇게 썰어 주세요|9. *완성 그릇에 담고 *소스도 같이 담아 주세요."
124,비빔냉면,"냉면사리 2인분,시판냉면육수 1봉,오이 1/3개,쌈무 소량,참기름 적당량,삶은계란 1,고추가루 1큰술,설탕 1큰술,다진마늘 1큰술,진간장 1큰술,매실액 2큰술,다진파 3큰술,고추장 4큰술,식초 4큰술,깨소금 4큰술","1. 먼저 시판용 냉면육수는 미리 냉동실에 넣어서 비빔냉면을 시원하게 먹을 수 있도록 준비해 준 후, 그릇에 고추가루 1큰술, 설탕 1큰술|2. 고추장 4큰술 (푹푹 크게 뜨면 안됩니다~), 다진마늘 1큰술|3. 매실청 2큰술, 진간장 1큰술|4. 식초 3큰술 넣어주고~|5. 깨 4큰술은 위생봉투에 담아 밀대로 밀어서 전부 으깨 주세요|6. 깨를 으깨주기만 하면되니까, 갈아도 되고 빻아도 됩니다^^|7. 으깬 깨소금 2큰술은 양념장에 담고 2큰술은 남겨주세요. 파는 3큰술 다져서 넣어 잘 섞어주세요|8. 비빔냉면 양념장 완성 되었습니다^^|9. 냉면 사리는 비벼서, 서로 붙어있는걸 떼 내어주고|10. 냄비에 물을 받아, 물이 끓어오르면 냉면사리를 넣고 2-3분간 끓여주세요|11. 삶은 냉면 사리는 찬물에 바락바락 씻어 줍니다. 차가운 냉면을 먹기 위해 마지막 헹굼물은 얼음물이면 더 좋겠네요^^|12. 잘헹군 냉면사리는 물기를 꼭 짜내어 그릇에 옮겨 담고|13. 위에 미리 만들어 놓은 양념 3큰술을 올려주세요|14. 참기름은 취향이라 따로 양념장에 섞진 않았는데요. 참기름 넣는 분들은 양념장 위에 1큰술 넣어주면 됩니다~^^|15. 비빙냉면에 올릴 고명인데요 쌈무, 채썬 오이, 삶은 계란 이에요|16. 차곡차곡 위해 올린 후,|17. 시판 냉면 육수 작은 1국자 넣어주세요.(미리 냉동실에 넣었다가 조금 녹여 부으면 시원한 비냉 먹을 수 있어요)그리고 남은 으깬깨를 주변에 뿌려주면 맛있는 비빔냉면 완성^^"
125,비빔밥,"돼지고기 100g,애호박 1/5개,양파 1/2개,당근 1/3개,고추장 2T,간장 2T,설탕 1.5T,깨소금 1t,참기름 1t,식초 1T","1. 양파, 당근, 애호박을 채썰어서  준비합니다.|2. 비빔밥에 비벼먹을 양념장을 준비합니다. 고추장 2T +간장 2T+설탕 1.5T+깨소금, 참기름 +식초 1T를 넣고 잘섞어 양념장을 만듭니다.|3. 먼저 당근을 소금 1꼬집 넣고 색깔이 나게 볶아줍니다.|4. 애호박도 소금 1꼬집 넣고 볶아줍니다.|5. 양파는 간장 1T 넣고 중불에 볶아줍니다. 꽤 오래 볶아서 단맛이 나게 볶아줍니다.|6. 소금, 후추로 밑간해 놓은 채썰어준 돼지고기를 볶아줍니다. 익은 돼지고기를 아까 만들어 놓은 양념장과 섞어 줍니다.|7. 따뜻한 밥위에 볶아 놓은 야채를 올리고 반숙 계란 후라이, 양념장을 크게 1T 떠서 셋팅하면 비빔밥 완성!"
126,새우볶음밥,"계란 2개,대파 1/2개,냉동새우 8마리,간장 1t,참기름 1t,통깨 살짝",1. 팬에 올리브 기름을 살짝 두르고 파를 볶아 파기름을 준비해 주세요.|2. 볶은 파를 한쪽으로 치우고 계란 2개를 올려주세요.|3. 계란은 스크램블을 만들어 주세요.|4. 스크램블이 완성이 되었다면 볶은 파와 섞어주세요.|5. 프라이팬 모퉁이에 새우를 볶아주세요.|6. 새우와 파와 스크램블을 함께 섞어주고 간을 맞추기 위해서 간장으로 간을 맞춰 주세요.|7. 간이 골고루 베이도록 잘 섞어 주세요.|8. 고소함을 더해 주기 위해서 참기름도 1t 추가해 주세요.|9. 그릇에 담아 위에 통깨를 살짝 뿌려주시면 완성입니다.
127,소세지볶음,"비엔나 소세지 15개,빨강파프리카,노랑파프리카,양파 1/4개,케쳡 3스푼,올리고당 1스푼,진간장 1스푼,부순 깨 1/2스푼,참기름 1/2스푼,후춧가루 약간,다진 마늘 약간","1. 비엔나소세지 15개 끓는물에 샤워시켜 준비하시고 빨강.노랑파프리카, 양파 4분의 1개 준비합니다|2. 비엔나소세지는 칼집을 내서 준비해주시구요. 파프리카와 양파는 네모지게 썰어주세요|3. 후라이팬에 올리브오일 1스푼 두르고 모든재료 넣어줍니다. 그리고 케찹 3스푼, 올리고당 1스푼, 진간장 1스푼, 부순깨 반스푼, 참기름 반스푼, 후춧가루 약간,마늘다진것 약간 넣고|4. 야채가 투명해질때까지 휘리릭 볶아주세요"
128,수정과,"계피 100g,생강 100g,물 22컵,설탕 2+1/3컵,잣 약간",1. 1. 계피는 잘 씻어 준비합니다.|2. 2. 냄비에 씻은 계피를 넣고 물12컵을 넣은후 뚜껑덮고 센불에서 끓으면 약불로 줄여  40분동안 끓여줍니다.|3. 3. 끓인 계피를 면보에 걸러 준비합니다.|4. 4. 계피가 끓이는 동안 생강은 손질후  칼로 저며줍니다.|5. 5. 계피를 끓이는동안 다른 불에서는 생강을 끓여줍니다.  저민 생강을 냄비에 넣고 물10컵을 넣어 뚜껑덮고 센불에서 끓으면 약불로 줄여 40분 끓여줍니다.|6. 6. 끓인 생강물도 면보에 걸러줍니다.|7. 7. 면보에 걸러낸 계피끓인물과 생강물을 섞어준후 냄비에 담아 설탕2컵+1/3컵정도를 넣고  센불에서 1분 끓여주면 완성입니다.  ==> 계피와 생강을 따로 끓여야 고유의 향이 진하게 나온답니다.  ==> 설탕은 색을 내기위해 흑설탕과 흰설탕을 반반 비율로 섞어 넣어줍니다.  설탕양은 기호에 맞게 조절하세요.   ==> 끓인 수정과를 차갑게 식혀준후 잣이나 곳감을 띄어내면 됩니다
129,수제비,"밀가루 3컵,물 200ml,양파(소) 1/2개,당근 1/2개,호박 1/2개,다진마늘 1/3스푼,물 2300ml,다시멸치 10마리,국간장 3스푼,소금 1/3스푼",1. 밀가루3컵에 물 200 ml를 조금씩 넣어가면서 알맞게 반죽을 해줍니다.|2. 완성한 반죽은 위생비닐에 넣어 냉장고에 30분정도 두었다가 사용합니다.|3. 물 2300 ml 에 다시멸치10마리정도를 넣고 10~15분가량 끓여줍니다.|4. 육수가 끓는동안 분량의 야채들은 채썰어서 준비합니다.|5. 육수가 끓고나면 멸치는 건져내고.|6. 준비해논 야채들을 넣은 후|7. 반죽을 얇게 펴서 뚝뚝 떼어 넣고 한소끔 끓여냅니다.
130,식혜,"엿기름 5컵 (350g정도),밥 2공기,물 25컵,설탕 1~1.5컵 ,잣 약간 (생략가능)",1. 1. 대야에 엿기름 5컵과 물 25컵을 부어 1시간 불립니다..  => 물은 찬물로 불렸습니다..( 예전에는 미지근한 물에 불렸는데요..찬물에 불리는것이 좋다는 말을 들었습니다)  => 엿기름은 방앗간이나 마트에 가면 팔아요...|2. 2. 1시간 불린 엿기름을 조물조물....빨래하듯이...손으로 조물조물해줍니다...  ( 사진에는 한손만 보이지만 두손으로 조물조물해주세요!!! )  이렇게 조물한후 고운체에 걸러 고운물만 받아둡니다...   걸른 고운체에는 엿기름 건더기가 있겠지요??  고운체에 있는 엿기름 건더기를 걸러낸 고운물 속에서 조물조물해줍니다...( 엿기름의 하얀물이 다 빠져나오게...)  이 상태로 고운체에 있던 엿기름은 꽉 짜서 버리고.... 2시간정도 얌전히 놓아둡니다.  2시간정도 지나면 엿기름 침전물이 가라앉을겁니다...  => 보통 2시간 정도만 지나도 침전물이 많이 가라앉는데요...  아주 맑은 식혜를 원하실때는 반나절정도 침전물을 가라 앉혀도 좋습니다.  ( 오랜시간 침전물을 가라 앉힐때는 시원한 곳에 놓으세요...여름철에는 상할수 있어요...!!! )|3. *** 잠깐만요~~한가지팁!!! 저는 고운체를 이용하는 방법을 좋아하는 데요....  번거롭지 않게 면주머니를 이용하는 방법 알려드릴께요.. 처음부터 엿기름을 면주머니에 넣고 묶어준후 찬물에 1시간 불린후 면주머니를 손으로 조물조물  빨래하듯이 치댄후 면주머니를 꽉 짜서 건져낸후 침전물을 가라앉히면 됩니다... 이렇게 하면 고운체에 걸러내는 수고가 없어서 좋아요....  면주머니를 사용하셔도 좋고..고운체를 사용하셔도 좋니다~|4. 3. 엿기름 받쳐낸 물을 2시간동안 침전시키는 동안 밥을 지어 놓습니다..  밥은 평사시 밥보다 고슬고슬하게 지어주세요. ( 찜솥에 밥을 쪄서 사용하시는 분들도 계십니다..)  이렇게 고슬하게 지은밥 2공기가 필요합니다~  밥을 전기밥솥에 넣고 밥위에 설탕2T를 뿌려줍니다...( 밥에 설탕을 같이 넣어주면 잘 삭아집니다..) 4. 밥을 넣은 전기밥솥에 엿기름 맑은물을 부어줍니다...부어줄때 고운체에 면보를 받쳐 부어주세요....  하얀 침전물 보이시죠?? 침전물은 넣지 마세요!!!!   전기밥솥을 보온으로 누루고 4~5시간정도 지나면 밥알이 둥둥 떠나닐겁니다..  저는 4시간 지난후 밥알이 둥둥 떠다녔는데요...전기밥솥에 따라 밥알 뜨는 시간이 다릅니다~  밥알이 둥둥 떠다니면 잘 삭혀진겁니다~|5. 5. 전기밥솥의 내용물 그대로 큰 냄비에 부어줍니다..  큰 냄비에 부어준후 고운체로 밥알을 조금만 떠서 찬물에 헹궈 냉장고속에 보관합니다.  이렇게 찬물에 헹궈 보관한 밥알은 나중에 식혜 위에 띄어주면 밥알이 둥둥 떠다닌답니다~  => 밥알을 찬물에 헹구지 않고 다 넣고 끓이셔도 됩니다...저는 둥둥 떠다니게 하려고 차갑게 헹궜습니다.. 6. 가스불을 센불로 켠후 설탕 1컵~1컵반을 부어주고 한번 끓어오르면 중불로 줄여  10분정도 끓이면 완성입니다.( 중간중간 거품은 제거합니다...)  식혀서 냉장고속에 보관후 차갑게 드시면 됩니다.   => 기호에 따라 생강을 약간 저며 넣어 끓여도 좋습니다.  => 설탕은 기호에 맞게 양을 조절하세요...차갑게 식으면 단맛이 덜하니까 조금 달게 설탕을 넣으시는것이  좋습니다.
131,알밥,"쌀밥 2공기,날치알 2큰술,맛살 2줄,다진단무지 4큰술,어린잎채소 2줌,도시락 김 1봉,참기름 2큰술,통깨 2스푼,다진김치 4~5큰술,간장 1/2스푼,설탕 1스푼,참기름 1스푼,통깨 1스푼","1. '날치알' 하나면 영양&비주얼 동시 캐치!|2. 단무지, 맛살을 잘게 다져주세요.|3. 김치는 잘게잘게 썰어 간장 0.5, 설탕1, 참기름1, 통깨 팍팍 조물조물|4. 뚝배기 안에 참기름 1큰술 쪼르륵~ 이리저리 굴려가며 코팅!|5. 참기름 두른 뚝배기에 밥을 담아주세요.|6. 양념한 김치, 단무지, 맛살, 채소 올리고 날치알 듬뿍!|7. 3~4분간 약불로 두고 타다닥 맛있는 소리가 나면 불을 꺼주세요.|8. 김가루 솔솔, 통깨 팍팍! 쓱쓱 비벼 드시면 초간단 날치알밥 완성!"
132,양념게장,"냉동 꽃게 4마리,간장 1소주컵,고춧가루 5큰술,설탕 2.5큰술,물엿 1큰술,소금 1/2작은술,미림 1/2큰술,다진 마늘 1큰술,다진 생강 2큰술,다진 파 2큰술,청양고추 2큰술 (취향껏),홍고추 1 개,후추 적당량,통깨 적당량","1. 청양고추 2개와 홍고추 1개, 대파 1/3대를 잘게 썰어주시고요.  다진 마늘 1 큰 술과 다진 생강 2 큰 술도 준비해주세요.|2. 냉동 꽃게도 4마리 준비합니다.|3. 냉동 꽃게 손질부터 해줄게요.  먼저 칫솔로 꽃게 구석구석 잘 닦아주시고요.  다리 끝을 가위로 잘라주세요.|4. 꽃게의 배를 열어 칫솔로 잘 닦아준 뒤 뚜껑을 열어 몸통 양쪽에 붙어 있는 아가미와 머리 쪽에 붙어 있는 모래주머니를 제거한 다음 칫솔로 한 번 더 구석구석 닦아주세요.  (떼어낸 머리 구석 부분에 내장이 숨어 있을 수 있으니 손가락으로 슥 한 번 긁어주시는 것도 좋아요 ^^)|5. 꽃게 입도 깔끔하게 정리하고요.|6. 손질이 끝난 꽃게는 4등분으로 나누어 줍니다. (집게 다리는 먹기 불편하므로 국거리로 쓰려고 따로 빼두었어요.)|7. 먹기 좋게 자른 꽃게는 체에 밭쳐 물기를 빼주세요.|8. 이제 양념장을 만들어줄게요.     간장 1컵(소주잔으로), 고춧가루 5 큰 술, 설탕 2.5 큰 술, 물엿 1 큰 술, 소금 1/2 작은 술, 미림 1/2 큰 술, 다진 마늘 1 큰 술, 다진 생강 2 큰 술, 다진 파 2 큰 술을 넣고 잘 섞어주세요.|9. 볼에 꽃게와 양념장을 넣고, 숟가락으로 조심스레 섞어주시고요.  마지막으로 다진 청양고추, 홍고추, 통깨 약간, 후추 약간 넣고 한 번 더 섞어주기만 하면, 매콤달콤 양념게장 만들기는 요렇게 간단하게 끝이 나요!|10. 꺄 +_+ 진짜 맛있겠죠?   만들자마자 다리 하나 먹어봤는데 개꿀맛 핵꿀맛 !!!  정말 말이 필요 없더라고요 ♥|11. 오늘도 이렇게 맛있는데, 내일 되면 얼마나 더 맛있을까요?!   ** 하루 더 숙성시켜주면, 더욱 맛있는 양념게장을 드실 수 있답니다. **|12. 신랑도 오래간만에 먹은 양념게장이 입에 딱 맞았는지 역시 양념게장 하면 우리 마누라라며 엄지를 척 들어 올려주더라고요 > _<  응. 내가 생각해도 그런 것 같아 ㅋㅋㅋㅋㅋㅋ"
133,어묵볶음,"사각어묵 3장,양파 1/2개,당근 약간,참깨,식용유,고춧가루 1큰술,간장 1큰술,참기름 1작은술,굴소스 1큰술,올리고당 1.5큰술 ,다진마늘 1작은술",1. 분량의 볶음양념을 먼저 만들어 주세요.|2. 사각어묵은 끓는 물에 살짝 데칙나 혹은 뜨거운 물을 부어 불순물을 제거한 후에 썰어줍니다.|3. 양파와 당근도 채썰어 준비해주시구요.|4. 달궈진 팬에 기름을 두른 후 어묵을 넣고 살짝 볶다가 양파와 당근을 넣어 볶아줍니다.|5. 여기에 미리 만들어둔 매콤한 볶음양념장을 넣고 볶아주세요.|6. 마지막으로 참깨를 뿌려 마무리 해주세요.
134,열무국수,"열무 1공기,달걀 1개,오이 1/2개,당근 1/6개,국수 2인분,통깨 1T,방울토마토 2개,열무김칫국물 종이컵 1컵,식초 2T,설탕 1T,매실액 2T,다진마늘 1/2T,소금 1/2T,물 종이컵 2컵","1. 분량의 재료를 준비해주세요. 국수 1인분은 500원짜리 크기의 양으로 열무김치와 김칫국물,국수는 필수재료입니다.|2. 방울토마토는 반으로 가라 준비하고 당근과 오이는 얇게 채썰어주세요.|3. 고명용 달걀은 찬물에 소금 1/2T를 넣고 달걀을 잠기도록 넣어 삶아주세요. 달걀 삶는시간은 완숙은 물이 끓은 후 15분, 반숙은 물이 끓은 후 10분 내외입니다.|4. 열무국수 만드는법의 포인트, 육수 만드는 법이에요, 김칫국물 종이컵 1컵분량과 물을 2컵 부은 후 다진마늘 1/2T, 매실액 2T, 식초 2T, 설탕 1T, 소금 1/2T를 넣고 잘 섞어주세요. 잘 섞어준 후엔 냉동실에 잠시 넣어 시원하게 보관해주세요.|5. 재료준비가 완료되면 마지막으로 국수를 삶아주세요. 물을 넉넉히 붓고 소금 1/2T를 넣은 후 물이 파르르 끓어오르면 물 1컵을 붓고 또다시 파르르 끓어오르면 물 1컵을 더 넣어준 후 끓어오르면 불을 꺼주세요. 면을 쫄깃하게 삶는 법입니다. 면은 건져서 찬물에 헹궈 바락바락 씨어 전분기를 없애주세요.|6. 그릇에 면-육수-열무-당근-오이-계란-토마토를 올려주면 열무국수 완성,"
135,유부초밥,"시판유부초밥만들기세트 ,피망 1개,당근 1/3개,스팸 1/2개,깨 1스푼,밥 330g ","1. 재료:시판 유부초밥 만들기세트,피망1개,당근1/3개,스팸1/2개,깨1스푼,밥330G        (28개 4인분기준)|2. 당근1/3개를 아주잘게 다져서 준비합니다.|3. 그리고 스팸1/2개를 준비해서 당근처럼 잘게 다져서 준비해주세요.|4. 피망은 1/2개나 좋아하시는분은 1개를 잘게 다져서 준비해줍니다.|5. 후라이팬에 식용유를 2스푼을 넣고 피망,당근,스팸을 넣고~|6. 스팸이 익을때까지 볶아줍니다.     당근과 피망은 생으로도 먹는 채소니까~ 안익혀 주어도 괜찮아요^^|7. 유부를 체에 걸러서 물기를 제거해줍니다.     여기서 담백한 유부초밥을 좋아하시는 분들은 유부피를 살짝 짜서 드시면 담백하게 드실수 있어요.|8. 갓지은 밥 330G을 준비해줍니다.     저같은 경우에는 밥을 2공기정도 준비했어요.|9. 밥에 야채 볶은거넣고~ 초밥소스와,야채조미볶음과 ~     저는 좀더 고소함을 위해 깨를 1스푼 더 추가해주었어요~|10. 밥에 넣은 재료들이 잘섞이도록 해줍니다.|11. 유부피를 살짝 벌려준뒤|12. ​양념된 밥을 안에 넣으면~|13. 유부초밥 완성입니다^^     유부초밥에 밥을 너무 많이 넣으면 모양도 밉고 싱거워지니까~     적당히 넣으셔야 한답니다^^"
136,잔치국수,"소면 2~3인분,멸치육수 1000ml,애호박 1/4개,당근 조금,버섯 1개,김치 3줄기,국간장 0.5,소금 0.5,계란 2개,깨소금 0.5,참기름 0.5,설탕 0.5,간장,참기름,고추가루,다진마늘,다진대파,다진청양고추,올리고당","1. 당근, 버섯, 애호박은 채썰어준비해주세요|2. 당근은 물1스푼넣고 소금꼬집해서 볶아요 애호박은 기름두르고 소금꼬집해서 볶아주구요 버섯은 소금꼬집,후추톡톡넣고 기름둘러 볶아주세요|3. 계란2개는 소금넣고 풀어준뒤 지단으로 부쳐 채썰어주세요|4. 김치3줄기는 잘게썰어 참기름, 깨소금, 설탕넣고 조물조물무쳐주세요|5. 멸치육수팩을 이용해서 육수를 내주었어요~ 진하게 우리고싶어서 육수팩2개넣어주고 끓였구요 국간장0.5와 소금으로 간을해주세요|6. 다진대파,마늘,청양고추넣고 간장, 참기름, 올리고당약간,고춧가루 넣어 양념장을 만들어주세요|7. 소금약간 넣고 소면을 삶아주세요|8. 면이 익으면 찬물에 밀가루맛이 날아가도록 씻어주세요|9. 그릇에 담고 뜨거운 멸치육수에 2-3번 토렴하고 국물을 넣고 준비한 고명올려주면 완성~"
137,잡곡밥,"잡곡쌀 2컵,물 2컵",1. 압력솥에 잡곡쌀과 물을 1:1 비율로 넣어주세요.|2. 뚜껑을 완전히 밀폐한 뒤 센 불로 가열해주세요.|3. 압력 표시기가 빨갛게 변하면 약불로 줄여 5분간 가열해준 뒤 불을 꺼주세요. 10분간 그대로 두며 뜸을 들여주세요.|4. 불을 끈 뒤엔 10분 정도 뜸을 들였다 열어주면 되는데요. 증기가 완전히 배출된 것을 확인한 뒤 뚜껑을 오픈해주셔요.
138,잡채,"당면 1.5줌 ,당근 약간,파프리카 약간,목이버섯 1줌,양파 1/2개,부추 약간,잡채용 돼지고기 1줌,다진마늘 1작은술,진간장 1작은술,참기름 1작은술,미림 맛술 2작은술,후추 약간,간장 10큰술,물엿 20큰술 (또는 올리고당)","1. 목이버섯은 물에 살짝 불려서 사용할꺼예요 물에 버섯을 한줌정도 넣어서 불려주세요|2. 잡채용 고기에는 밑간을 살짝 했다가 볶아줄꺼예요 다진마늘, 간장, 참기름 1작은술씩 넣어주고 미림 2작은술, 후추 약간 넣어 20분정도 밑간해줬어요|3. 부추, 양파, 당근, 파프리카등의 야채는 먹기좋은 크기로 잘라서 준비해주세요|4. 당면은 끓는물에 11분 삶아주는게 맛있는 잡채 만드는 포인트예요 !|5. 당면이 삶아지는 동안에 부추를 제외한 나머지 야채와|6. 고기를 후라이팬에 따로 볶아서 준비해주세요|7. 당면은 11분이 지나면 바로 채에 걸러 찬물에 헹궈서 준비해주세요|8. 그리고 바로 당면에 양념을 입혀줄껀데요 위에서 말씀드렸다 싶이 간장과 물엿은 1:2 비율로 넣어주시면 되요|9. 양념이 팔팔 끓어오르기 시작하면 준비해두었던 당면을 넣어주고|10. 카놀라유를 4큰술 정도 둘러주세요 ~ 그래야 당면끼리 서로 달라붙지 않고 불지 않는다고 하더라구요 ~|11. 그리고 센불로 양념이 졸아들때까지 저어가면서 당면에 색을 곱게 입혀주시면 된답니다 ~|12. 당면의 양념이 어느정도 졸아들면 큰 양푼이나 그릇에 넣고 한김 식혀준다음 미리 준비해두었던 야채와 고기를 전부 넣고 골고루 맛있게 비벼주시면 된답니다 ~!!|13. 저희 신랑은 당면을 그리 좋아하진 않아서 저는 당면보다 야채랑 고기를 더 많이 넣어줬는데요 이렇게 하니 훨씬 맛있게 잘 먹는것 같더라구요 ~"
139,제육볶음,"돼지고기앞다리살 1근,양파 1개,당근 1/3개,마늘 1스푼,파 약간,고추 기호에맞게,간장 2스푼,물엿 1스푼,매실액 2스푼,고추장 1스푼,고춧가루 2스푼,후추가루 약간","1. 팬에 불을 켜지않고 핏물을 키친타월로 가볍게 제거한 돼지앞다리살1근을 넣고 마늘반스푼, 간장1스푼, 후추가루약간을넣고 조물조물 재워주세요|2. 고추가루2스푼, 진간장1스푼, 마늘반스푼, 물엿1스푼, 매실액2스푼(없으면 설탕2/3수저로대체), 고추장크게1스푼,후추톡톡해서 양념장을 만들어주시고|3. 파와 양파 당근등 기호에맞는 채소를 손질해서 준비해주세요|4. 센불에 고기를 볶다가 반정도 익을때쯤|5. 당근 양파등을 먼저 넣어 센불에 볶아주세요 ( 약한불에서하면 물이나올수있어요!)|6. 양파가 반투명해질때쯤 준비된 양념의 2/3을 넣어 볶아줍니다  양념이 들어간뒤로 탈수있으니 중불로 줄여주세요|7. 고기가 익고난뒤 간을 한번보시고 부족하면 나머지 양념장을 다 넣어주세요 (전다사용했어요!)|8. 불끄기3분전  나머지 고추와 파등을넣어 센불로 볶아주시면 끝!|9. 예쁘게 담아서 맛있게드세요 :)"
140,주먹밥,"밥 2공기,참치 1캔,마요네즈 2T,볶은 김치 3T,후추 약간,참기름 2T,맛술 1T,간장 2T,참깨 1T",1. 볼에 기름 뺀 참치와 마요네즈와 후추를 넣고 섞어 속을 만든다.|2. 볼에 밥을 넣고 밑간 재료를 넣은 후 섞는다.|3. 랩에 양념된 밥을 깔고 위에 양념한 참치와 볶은 김치를 넣어 주먹밥 모양으로 잘 감싸 모양을 만든다.|4. 모양이 잡힌 주먹밥을 마른 팬에 앞뒤로 노릇하게 구워 완성한다.
141,짜장면,"양파 1개,양배추 1/5개,돼지고기 200g,오이 1/3개,파 2줄기,파스타면 2인분,춘장 1/3컵,설탕 1T,물전분 3T",1. 후라이팬에 식용유 2컵을 붓고 춘장 1봉지를 넣고 기름에 춘장을 튀겨줍니다.|2. 짜장면 야채를 준비합니다.  오이는 돌려깎이해서 채썰고(고명용) 양배추와 양파는 큼직큼직 썰어주고 파는 잘게 잘게 썰어서 준비합니다.|3. 불을 켜지 않은 후라이팬에 식용유를 붓고 파를 넣고 볶아서 파기름을 내줍니다.|4. 파기름이 얼추 나면 잘게 썰어 놓은 돼지고기를 넣고 볶아줍니다.|5. 고기가 익으면 오이를 제외한 양배추와 양파를 넣고 볶아줍니다.|6. 튀긴 춘장을 1/3컵 정도 넣고  설탕 1T를 넣고 볶아줍니다.|7. 춘장이 야채와 고루 섞이게 볶아줍니다. 이때 먹으면 흔히보던 간짜장이 됩니다.|8. 물을 재료가 자박자박 할때까지 넣어줍니다.  끓여 주다가 물 : 전분 = 3 : 1로 타준 전분물로 짜장의 농도를 걸쭉하게 만들어 줍니다.|9. 중화면을 대체하기 위한 파스타 면을 소금 1T를 넣고 2인분 정도 13분 삶아 줍니다. 면이 익으면 그릇에 면을 셋팅하고 위에 짜장을 부어주고 오이 고명을 올려주면 완성!
142,짬뽕,"오징어,돼지고기 1종이컵,양배추 1종이컵,당근 1종이컵,호박 1종이컵,양파 1종이컵,청양 고추 1소주컵,부추 1종이컵,파,생강,후추,고춧가루 1소주컵,간장,소금","1. 짬뽕에 들어갈 채소,오징어는 미리 손질해서 준비해 준다. 컵라면 용기로 양파,양배추,호박은 1컵정도 부추,돼지고기,당근은 종이컵 1컵 오징어는 2컵 그리고 청양고추는 소주컵으로 1컵정도 준비해 주심되요.|2. 오징어는 적당히 썰어주세요.|3. 팬에 기름을 넣고 파를 볶아서 파기름을 만들어주세요.|4. 파기름 만들때 다진생강도 함께 넣어주세요. 전 생강가루를 넣었어요.|5. 돼지고기를 넣어주세요.|6. 돼지고기를 볶다가 손질된 오징어를 넣어 함께 볶아주세요. 불맛은 프라이팬에 국물이 눌은 것이 포인트!! 센불에서 볶아주세요.|7. 불 맛이 형성되면 이제 간장을 넣어주세요.|8. 채썰어 준비해 두었던 야채를 넣어 주심 된답니다. 양배추,양파,당근,호박 모두 넣어주세요.|9. 칼칼한 맛을 위해 청양고추를 넣어주세요.|10. 이젠 잘 볶아주세요. 여기까지 준비가 80% 짬뽕이 완성된 상태랍니다.|11. 고춧가루 1컵을 넣어주세요.|12. 물기 없이 계속 볶다보면 탈수 있답니다.|13. 타지 않게 물어 넣어주세요. 물은 양에 맞춰 넣어 주심 된답니다.|14. 이제 보글 보글 끓여주면 되요. 여기서 시원한 맛을 위해 홍합을 넣어주면 더 좋아요. 전 홍합이 없어서 패스~~!! 갠적으로 홍합 넣은게 휠씬 좋은듯합니다.|15. 후추가루 톡톡 넣어주세요.|16. 그다음 소금으로 간을 해주심 된답니다.|17. 마무리로 부추 넣으면 완성!!|18. 삶은 면에 짬뽕 건더기를 골고루~ 듬뿍 올려주면 되요!!|19. 완성입니다."
143,쭈꾸미볶음,"쭈꾸미 10마리,양파 1개,대파 약간,식용유 약간,밀가루 약간,고추장 2큰술,고춧가루 2큰술,설탕 1큰술,진간장 1큰술,맛술 1큰술,다진마늘 1큰술,참기름 1큰술","1. 쭈꾸미는 머리를 뒤집어서 내장과 먹물주머니를 제거하고|2. 다리사이에 있는 입을 꾹 눌러 제거해주시고 밀가루를 넣어 거품이 나오지 않을정도로 빡빡 문질러준다음 깨끗한물에 씻어주세요|3. 손질 마친 쭈꾸미를 준비해주시구요|4. 분량의 양념도 한곳에 모아 준비해주세요  다진마늘 1큰술, 진간장 1큰술, 설탕 1큰술, 맛술 1큰술, 고추장 2큰술, 고춧가루 2큰술, 참기름 1큰술|5. 그리고 손질된 쭈꾸미는 끓는물에 살짝만 데쳐주시고 분량의 양념을 넣어 20분정도 재워주세요 바로 해먹어도 맛있긴 하지만 좀 재워둔다음에 먹는게 쭈꾸미에 간이 더 잘 베이고 맛있는것 같더라구요 쭈꾸미가 작은 경우는 그냥 통째로 볶아먹어도 되지만 저는 크기가 좀 큰편이라 데치고 나서 먹기좋게 잘라줬어요|6. 재우는 동안 같이 볶아먹을 야채도 준비해주세요|7. 전 집에 양파랑 대파밖에 없어서 두가지만 넣어줬는데요 야채는 취향에따라 더 추가하셔도 된답니다|8. 그리고 식용유를 두른 팬에 양파를 볶아주세요 양파는 너무 오랫동안 볶지 않고 양파 겉면이 살짝 투명해질 정도로만 볶아주세요|9. 그리고 재워두었던 쭈꾸미를 넣어서 같이 휘리릭 볶아주세요 오징어나 쭈꾸미는 너무 오랫동안 볶으면 질기고 맛없어지는거 아시쥬 ? 이전에 한번 쭈꾸미를 데쳐놨기 때문에  센불로 양념이랑 야채가 어느정도 어우러질 정도로만 볶아주시면 되요|10. 볶을수록 고추장 양념이 쏙쏙 베이면서 넘나 맛있어 보이쥬 ㅋ 어느정도 볶아주다가 마지막엔 대파 넣고 마무리 해줬어요"
144,칼국수,"칼국수 면 300g (2인분),멸치 다시마 육수 9컵,달걀 1개,쪽파 2대,다진 마늘 0.5스푼,국간장 1스푼,멸치 액젓 1스푼,소금 적당히,후춧가루 적당히,김가루,고춧가루,간깨","1. 멸치 다시마 육수를 넉넉하게 끓여 주세요. 대략 8~9컵 정도 준비해 주심 된답니다. 저는 육수 티백을 사용했어요.  * 함께 넣을 쪽파 2대는 송송 썰어 준비하고, 달걀 1개는 풀어주세요.|2. 육수가 완성돼 끓기 시작하면 준비해 놓은 칼국수 면을 넣어주고 젓가락을 이용해 저어가며 면을 익혀주세요.|3. 면이 어느 정도 익으면 국간장 1, 멸치 액젓 1, 다진 마늘 0.5를 넣어 간을 하고 썰어 놓은 대파를 넣고, 국물 맛을 보고 부족한 간은 소금으로 해주세요.  그리고 풀어 놓은 달걀 1을 전체적으로 둘러주고|4. 달걀이 익으면 취향에 따라 후춧가루를 더해 마무리해줍니다|5. 칼국수를 그릇에 담고 김가루, 간 깨, 고춧가루를 얹어 주면 완성"
145,콩국수,"오이 1개,국수면 2줌,두부 1모,두부 1모,땅콩버터 1.5T,물 400ml ,설탕 1/2T,소금 1/2T,깨 5T","1. 먼저 두부1모, 땅콩버터1.5T, 깨5T, 물400ML, 설탕1/2T,소금1/2T를 믹서에 넣고 갈아주세요!|2. 두부는 잘라서 넣었어요!|3. 콩국물 끝:D|4. 500원짜리 동전크기가 국수1인분입니다.|5. 국수를 삶아주세요|6. 부글부글끓어오를때 물을 100ML씩 부어서  다시 끓이는 것을 3번 반복!|7. 면은 걸레빨듯이 빡빡 씻어주세요  (면 많이 헹궈주는게 국수를 더 맛있게 한다고 그랬어요:D)|8. 오이는 잘라서 준비!|9. 국수는 1인분씩 말아서 따로 준비하고|10. 콩국물과 얼음,오이,깨1T올리면  완성!"
146,콩나물무침,"콩나물 한봉지 300g,참기름 1T,소금 1t,통깨 1T,쪽파/당근 조금","1. 콩나물을 깨끗이 씻어요. 바로 팬에 담아서 뚜껑을 덮어 가열합니다. 씻을 때의 물이 묻어있고 재료 자체의 수분으로 익히면 훨씬 영양분이 살아있답니다. *가스렌지-약불에서 7분 *인덕션-7단에서 7분|2. 콩나물을 데치는 동안 고명으로 쓸 채소를 준비합니다. 아주 조금만 있어도 됩니다.|3. 잘 데쳐졌네요. 조금 있는 물은 따라내고 그 팬에서 바로 무칠거예요. ※따라낸 물은 국이나 찌개에 넣으면 좋아요.|4. 먼저 참기름 1T로 콩나물을 버무려주세요. ※기름을 먼저 쓰면 소금을 조금만 넣어도 간이 맞습니다.|5. 소금과 고명채소, 통깨를 넣고|6. 버무리면 아삭아삭한 콩나물 무침 완성입니다.|7. 그릇에 예쁘게 담아 찰칵!!!"
147,홍어무침,"홍어 800g,미나리 1/2단,오이 1개,배 1개,절인 무 2컵,다진 생강 1작은술 ,다진 마늘 3큰술 ,고추장 3큰술 ,고운 고춧가루 2/3컵,일반 고춧가루 1/4컵,3배 식초 1/3컵,설탕 1/2컵,올리고당 1/4컵,소금 조금,통깨","1. ​요즘 시장에 먹기 좋게 잘라서 냉동된   홍어가 많이 나왔네요.  절단된 홍어를 구입해서 한번 씻은뒤  자른 홍어를 구입해서 아래와 같이   절여줍니다.  많이 해본 경험 중에 사이다에 절이는게  제일 맛있어요.   저는 오늘 이렇게 절였어요  ( 소금 1큰, 삼배식초1/2컵, 설탕1/2컵 )   5시간 절이면 부드럽고   ​​홍어가 억세지 않아서 먹기 좋아요.    또 다른 방법은 사이다와 소금, 설탕만   넣고도 밑간해요|2. 저녁에 절여서 아침까지 둔   홍어입니다   빛깔부터가 다르지요.   식초랑 들어가서 꼬들꼬들 해졌네요.|3. 미나리를 준비해서 거머리가 혹여라도 있을까 싶어서 식  초 한 방울을 넣고 소독한다는 의미로   넣어주고 1시간 담갔어요,  깨끗하게 씻어서 물기를 빼주고   적당하게 썰어 준비 하세요.     ​|4. ​무를 자르는데 길이 6cm 폭 1.5 cm로   썰어서 양념했을 때 홍어와 달라붙게 얇게   썰어야 합니다.  오이는 반 가르고 눈썹 썰기를 해서 무와   같이 절여줍니다.  무, 오이 절이기 ( 소금 3 큰 술, 설탕 1 컵)  절인뒤에 물기를 최선을 다해서 꼬옥 짜주세요.|5. 야채, 홍어를 꼬옥 짠뒤에   모든 재료를 큰 그릇에 담아서   무쳐주기로 해요|6. 홍어무침의​ 중요한팁은 홍어무침에  되도록이면 액체를 넣지 않아야   물이 나오지 않거든요. 미나리를 제외한 모든   재료를 넣어주고 무친 뒤 마지막에 미나리와   통깨를 넣고 그릇에 담아 내면 됩니다.  물이 나오면 양념을 다 씻겨   버리니까요.|7. 준비한 재료들을 넣어 무친뒤에 맨 나중에  미나리를 넣어 주세요|8. 식초 이야기인데요~  홍어무침에 식초는 매우 중요한데요. 일반   3배 식초를 사용하는데 ~~  빙초산을 넣어야만 이 신맛이 좋아요~  저 같은 경우에는 3배 식초로 신맛을 내는데요,   염려되어서 사용하지 못하고 있네요.  식당에서는 빙초산으로 해결한답니다.|9. 완성된 홍어무침이 완성 되었어요."
148,회무침,"광어 회 200g,양상추 2줌 (또는 양배추),양파 1/4개,당근 1/6개,청양고추 1개,깻잎 10장,고추장 1T,고춧가루 1T,간장 1T,식초 3T,맛술 2T,설탕 1T,다진마늘 1/2T,부순 참깨 1T","1. 양배추, 깻잎, 양파, 당근은 채 썰고 청양고추는 송송 썰어 준비한다.|2. 볼에 소스 양념 재료를 넣어 양념장을 만든다.|3. 양념장에 손질한 광어와 채소를 넣어 버무려 완성한다."
149,오징어채볶음,"오징어채 1봉지 140g,맛술 3큰술,고추장 2큰술,고운 고추가루 1큰술,다진마늘 1큰술,간장 1큰술,올리고당 3큰술,매실청 2큰술,참기름 1큰술,통깨 약간,카놀라유 1큰술","1. 오징어 백진미입니다. ​|2. 오징어채를 부드럽게 하기 위해서 맛술 3큰술을 넣고 고루 버무려줍니다. 찜통에 찌는 분들도 계시는데, 처음에는 부드러우나 나중에는 더 질겨지니까 찜통은 하지 마세요. 요 맛술 비법은 전진주 셰프님 비법입니다. ​|3. 비닐랩을 씌운 뒤에 양념장을 만들 때까지 놔둡니다. 오징어채를 만져 보면 아주 부드러워졌답니다. ​|4. 양념장은 고추장 2큰술, 고운 고추가루 1큰술, 다진마늘 1큰술, 간장 1큰술, 올리고당 3큰술, 매실청 2큰술을 넣어 섞어줍니다. ​|5. 팬에 카놀라유 1큰술을 넣고 양념장을 살짝 끓여줍니다. 그리고 불을 끄고 한김 식힌 후에 오징어채를 버무려주면 되지요. 양념이 뜨겁지 않고 약간 따뜻한 감이 있을 때가 잘 버무려집니다.|6. 주걱보다는 비닐 장갑을 끼고 고루 섞어주는 것이 골고루 색이 잘 들어요.|7. 참기름 1큰술과 통깨를 약간 넣어줍니다.|8. 참기름과 통깨가 잘 섞이도록 다시 한번 버무려줍니다.|9. 요렇게 완성되었습니다."
