name,ingredients,recipe
갈비구이,"닭가슴살 200g,대파 1개,간장 2T,설탕 1T,참기름 0.5T,다진마늘 0.5T,꿀 1T","1. 간장2T, 설탕1T, 참기름0.5T, 다진마늘0.5T, 꿀1T를 넣고 갈비양념을 만들어줍니다 (꿀이 없다면 조청이나 올리고당으로 대체 가능합니다)|2. 대파는 길게 채썰어주세요|3. 닭가슴살은 얇게 편 썰어주세요|4. 볼에 닭가슴살 편 썬걸 담고, 갈비양념을 넣고 양념을 골고루 묻혀 주세요|5. 갈비양념을 고루 묻힌 닭가슴살을 냉장고에서 20분정도 숙성시켜줍니다|6. 프라이팬에 올리브오일을 살짝 두르고 닭가슴살을 구워줍니다|7. 앞뒤로 노릇노릇하게 구워주세요|8. 접시에 닭가슴살 갈비구이를 예쁘게 놓고, 대파 썬것도 올려줍니다  파채와 닭가슴살을 곁들여 드시면 됩니다"
갈치구이,"갈치 2마리,식용유 3T,부침가루 2T,쌀뜨물 적당량,후추 약간,맛소금 2꼬집",1. 갈치를 쌀뜨물에 넣어 해동 해 줍니다. 생물은 그냥 조리하셔도 됩니다.|2. 비린내는 껍질에서 많이나므로 껍질을 칼로 쓱쓱 밀듯이하여 벗겨준뒤 맛소금 한꼬집과 후추로 밑간을 합니다.|3. 부침가루 2T를 준비해 갈치에 입혀줍니다. 가루는 털어내어 얇게 입혀 줍니다.|4. 후라이팬에 식용유를 넉넉히 두르고 예열한뒤 갈치를 올립니다.|5. 갈치는 두껍지않은 생선이므로 다른 생선보다 빨리 익습니다. 중불에서 앞뒷면 살이 다 익으면 겉이 노릇해지게 한번씩만 바삭하게 구워내면 완성.
고등어구이,"고등어 1마리,양파 1/3개,땡초 2개,쪽파 1줄기,간장 2T,고춧가루 2T,맛술 2T,고추장 1/2T,다진마늘 1/2T,설탕 1/2T","1. 땡초2개랑 양파1/3개를  다져서 넣고|2. 고춧가루2스푼,양조간장2스푼,맛술2스푼,고추장반스푼,설탕반스푼,다진마늘반스푼넣어서 섞어 주세요~|3. 고등어는 안쪽 부터 구워 주세요~|4. 다구워지면|5. 안쪽으로 양념을 골고루 발라서|6. 쪽파 솔솔~ 뿌려 주심 끝입니다^~^ (대파다져서 뿌리셔두 되고 깨소금만 뿌리셔두 되셔요^~^)|7. 오늘 처럼 비오는날~ 소주 한잔 생각 나실때 완벽한 안주로 고갈비 어떠세용?!^~^"
곱창구이,"곱창 1kg,감자 2개,참기름 1스푼","1. 대파김치 담고 며칠 전  정육점에 주문했던 소 곱창 1kg  가격은 15,000원|2. 집에서 곱창구이 만들기 위해 먼저 곱창 손질 시작했네요 곱창은 기름이 많아  손질 작업이 필요한데요|3. 기름진 쪽을 잡아당기면  기름 덩어리와 껍질이 벗겨지긴 하는데 약간 힘든 작업이긴 하네요 ㅠㅠ|4. 집에서 곱창 손질 완성된 모습 기름 분리 작업은 껍질이  찟어지지 않도록 조심해서 하셔야 곱창곱이 빠져나오지 않으니 주의하세요|5. 곱창에서 분리된 곱창 껍질과 기름 덩어리 모습이에요  분리된 껍질과 기름양이  정말 어마어마하죠?   곱창 실 무게보다 기름 무게가  더 많이 나온 듯합니다 ㅠㅠ|6. 분리된 곱창은 소주에 담가 박박 문질러 씻어 잡내를 제거합니다  중간중간 곱창이 찢어져  곱이 살짝씩 나오지만 전문가가 아니니 이 정도는 괜찮겠쥬|7. 집에서 곱창구이 만들기는  곱창을 삶아 사용하시는 분도 많은데 오포댁은 곱창 특유에 맛을 즐겨  삶지 않고 바로 굽기 시작했네요 감자 올려주고 곱창도 올려 굽기 시작해볼께요|8. 처음에 곱창구이 시작하면 곱창에서 물이 많이 나오고 찢어진 곱창 사이로  곱도 살짝씩 나오는데요|9. 익으면서 물은 자연스럽게 없어지니  상관없고요 찢어진 곱창 사이에서  나오는 곱창 곱은  수저로 덜어 내어 나중에  볶음밥에 사용하시면  볶음밥을 더욱 맛있게 즐기실 수  있답니다|10. 곱창구이 완성되어 가는 모습 집에서 곱창구이 만들기 식당 곱창구이와 비주얼 차이가 많이 없죠?|11. 곱창 옆에서 대파김치도 함께 구워줍니다|12. 곱창구이는 바싹 익히지 않으면  곱창이 질기니 바싹 익혀 주세요|13. 돌돌 말려 완성된 집에서 곱창구이 모습 곱창은 싱싱하지 않으면  곱이 다 빠져나가는데요 곱이 가득 든 싱싱한 모습이에요|14. 곱창 구운 프라이팬에 대파김치 쫑쫑 썰어 넣고 덜어 두었던  곱창 곱도 넣어 볶음밥도 만들었네요"
닭갈비,"닭안심 500g,양파 1개,당근 약간,양배추 1.5줌 ,감자 1개,깻잎 10장,식용유 2T,간장 5T,고추장 3T,고추가루 3T,맛술 3T,설탕 2T,들기름 2T,카레가루 0.5T,다진마늘 1T,후추 5번 ,맛소금 1티스푼","1. 닭고기를 준비 해 줍니다.|2. 양파,당근,감자,깻잎,양배추를 적당한 크기로 잘라줍니다. 이때 감자는 얇게 썰어 주세요.|3. 고추장,간장,고추가루,맛술,설탕,다진마늘,후추,카레가루,들기름을 넣어 양념장을 만들어줍니다.|4. 닭고기에 양념장을 부어 조물조물 무친뒤 30분이상 재워둡니다.|5. 식용유 두른 팬에 양념닭고기와 감자,양파,양배추,당근을 넣어 모든재료가 다 익을 때까지 중불로 익혀줍니다.|6. 마지막으로 깻잎을 넣어주어 완성. 이때 간을 보아 부족한 간은 맛소금으로 해줍니다. 저는 맛소금1티스푼 넣었습니다."
더덕구이,"더덕 11개,고추장 2큰술,고춧가루 1큰술,간장 2큰술,올리고당 2큰술,소주 1큰술,매실엑기스 2큰술,다진마늘 2큰술,참기름 2큰술,간장,참기름","1. 껍질벗긴 더덕 11개 반으로 쪼갠 후|2. 밀대로 원하는 두께만큼 밀어주세요|3. 더덕 밑간을 위한 유장을 만들어 주세요(간장 1: 참기름 2)|4. 더덕에 유장을 앞뒤로 골고루 바른 후 간이 배도록 실온에서 10분동안 머물게 해주세요|5. 그동안 양념장을 만들어 주세요(고추장 2큰술, 고추가루 1큰술, 간장 2큰술, 올리고당 2큰술, 소주 1큰술, 매실액기스 2큰술, 다진마늘 1큰술, 참기름 2큰술)|6. 10분 후 달군 후라이팬에 유장에 간이 밴 더덕을 기름없이 초벌구이 해줬어요 붙지않아요|7. 초벌구이한 더덕을 호일 위에 올려 앞뒤로 양념을 발라주세요|8. 호일로 위아래를 덮었어요(펼쳐진 상태 그대로 한꺼번에 뒤집기 위해)|9. 중불에서 뒤집으며 앞 1분>>뒤 1분>>약물에서 뒤집으며 앞 1분>>뒤 1분 구워내고 마지막 깨를 뿌리면 완성"
떡갈비,"소고기다진것 600g,돼지고기다진것 400g,간장 7Ts,설탕 3Ts,올리고당 2Ts,참기름 1Ts,마늘 1Ts,생강즙 2Ts,배즙 4Ts (이나 양파즙),다진파 2Ts,참기름 1Ts,간장 1ts,꿀 1ts",1. 다진소고기는 키친타월에 핏물을 빼줍니다.|2. 다진 돼지고기 역시 키친타월에 핏물을 빼주세요.|3. 파는 곱게 다지세요.|4. 양념장을 만들고 파를 섞어주세요.|5. 고기는 서로 잘 섞어주세요.|6. 섞은 고기에 양념장을 넣고 치댑니다.|7. (치대는것은 골고루 섞어서 반죽하듯이 하는것을 뜻해요-간이 잘배고 고기도 맛있어져요.)|8. 고기는 먹기좋은 크기로 너무 두껍지 않게 만들어주세요. 가운데를 약간 옴폭파면 구울때 좋아요~|9. 기름을 두르고 구우실때 센불로 하지마시고 중약불로 노릇하게 구워주세요.|10. 다 구워지면 분량의 유장을 조금씩 위에 덧발라 약간 센불에서 윤기나게 구워주세요.
불고기,"소불고기 400g,식용유 약간,물 1/4cup,후추 약간,송송 썬 쪽파 1대,간장 3T,물 2T,설탕 2T,청주 2T,다진 파 1T,다진 마늘 1T,다진 생강 1/4T,참기름 약간",1. 불고기는 먹기 좋은 크기로 썬다.|2. 양념장을 만든다.|3. 불고기에 양념장을 넣고 잘 섞는다.|4. 팬에 약간의 기름을 두르고 불고기를 익힌다.|5. 고기가 타지 않게 중간마다 물을 넣는다.|6. 후추를 약간 뿌린다.|7. 구운 고기 위에 쪽파를 뿌린다.
삼겹살,"돼지고기 600g,깻잎 10장,양파 1개,간장 1/2종이컵,와인 2컵,설탕 1큰술,올리고당 1/2컵,미림 2큰술",1. 돼지고기는 앞다리나 뒷다리살로 준비해주세요 재료준비만되면 누구나 쉽게할수있어요|2. 양파와 깻잎은 잘게 채썰고 양파는 찬물에 잠깐담궈 매운맛을 빼주세요|3. 간장 올리고당 설탕 미림 레드와인을 넣물도 한컵넣어주세요|4. 뚜껑을 덮고 양념이 고기속까지 잘베이게 30분정도 중불에 푹 익혀주시면되요|5. 25분정도 지난후 고기가 양념이 잘베어졌음 뚜껑을 열고 소스국물이 걸줄해질때까지 팔팔 끌혀주면 끝!!^^ 초간단하죠?ㅎㅎ|6. 적당한 두께로 잘썰어 접시에 내어줍니다 채썬 깻잎과 양파를 곁들여주세요
장어구이,"장어 2마리,고춧가루 1큰술,다진마늘 1큰술,간장 1.5큰술 ,매실액 2큰술,설탕 1큰술,올리고당 1큰술,청주 2큰술,생강술 1큰술,후춧가루 1작은술",1. 토막낸 장어에 등 쪽에 칼집을 내어줘요. 준비한 분량의 장어 소스를 한번 끓여서 준비해주세요.|2. 집에서는 간단하게 생선 굽는 팬에서 손질된 장어를 초벌구이 해주세요. 초벌구이 할 때 양념을 발라서 구워주면 익기도 전에 다 타버린답니다.|3. ​두번째 구울 때 양념을 발라주고 타지 않게 앞뒤로 소스를 발라주면서 구워주세요.|4. 완성된 장어구이를 접시에 담아내고 통깨를 뿌려줍니다.
조기구이,"냉동조기 4마리,청양 3~4개,다진마늘 1T,청주 적당히,후추 조금,참기름 적당히,식용유 적당히",1. 냉동조기를 꺼내어 청주에 30정도 푹 담궈두세요|2. 조기를 꺼내어 칼집을 두군데 내 주시고 팬에 기름넣어 구워주세요|3. 굽는시간에 소스를 만들어요 다진마늘1T.청양고추3~4개정도 참기름 적당히.후추 넣어 섞어주세요|4. 앞뒤로 노릇하게 구운 조기를 접시에 담고 소스를 뿌려서 드시면 비릿내냄새 전혀 안나고요 고소하면서 맛있답니다ㅋ
황태구이,"황태 1마리,고추장 1T,고춧가루 1t,간장 1t,설탕 2t,다진파 1t,다진마늘 1t,후추 약간,참기름 1t,통깨 약간,물 1T","1. 황태 한 마리를 준비해 머리와 꼬리를 제거해주세요. (잘라낸 머리와 꼬리부분은 다른요리 육수내실 때 사용해 주시면 돼요.)|2. 황태를 물에 살짝 담가 2분정도 불려주세요. 너무 오래 담가두면 육즙도 빠져나가고 살이 잘 부서져요.|3. 촉촉해진 황태를 살짝눌러 물기를 제거한 후, 지느러미나 가시 제거 후, 먹기좋은 크기로 손질해주세요.|4. 황태구이의 초벌구이에 쓰일 유장은  참기름:간장=2:1 비율로 만들어주세요.|5. 기름 두른 팬에 유장을 바른 황태를 올려 앞뒤로 초벌구이 해주세요.|6. 황태구이 양념장 만드는법: 고추장, 고춧가루, 설탕, 참기름, 다진파, 다진마늘, 간장,후추, 통깨를 섞어 양념장을 만들어주세요.|7. 물로 양념장의 농도를 조절해주세요.|8. 양념장을 골고루 바른 황태를 약 5~10분간 양념이 배도록 두신 후 기름두른 후라이팬에 구워주세요."
훈제오리,"훈제오리 200g,양파 1/2개,감자 작은것 1개,파프리카 약간,부추 약간,식용유 약간,간장 3큰술,물 3큰술,올리고당 1큰술,다진마늘 1/2큰술,후추 약간","1. 저는 짜투리 야채가 많이 남아서 골고루 넣어줬는데 냉장고 사정에 맞게 준비하셔도 상관없어요 ~|2. 파프리카와 양파는 채썰어 준비해주시고 감자는 반으로 잘라 너무 두껍지 않게 썰어서 준비해주세요 부추도 먹기좋은 크기로 잘라주시고요|3. 훈제오리 요리 만들기 전에 오리고기에 있는 기름을 살짝 빼줄꺼예요 오리고기에서 나오는 기름이 다른 고기에서 나오는 기름보다 좋다고는 하지만 많이 먹는다고 좋진 않겠죠 ? 아무래도 많이 먹으면 느끼하기도 하고요 ~ 냄비에 물을 팔팔 끓여주시고 훈제오리고기를 퐁당 넣어주시면 기름이 위로 동동 뜨기 시작하는데요 한 10초 정도만 있다가 바로 채반에 건져 물기를 제거해주세요|4. 그리고 훈제오리 요리 소스를 만들어줄껀데요 오리고기랑 부추만 넣고 소금간 살짝해서 간단하게 만들어 먹어도 좋은데 저는 야채도 많이 넣을꺼라 간단하게 간장양념을 만들어봤어요 간장 3큰술, 물 3큰술, 올리고당 1큰술, 다진마늘 1/2큰술, 후추 약간 넣어서 골고루 섞어서 준비해주세요 ~|5. 끓는물에 데쳐낸 오리고기는 먹기좋은 크기로 잘라주세요 고기는 분리되어 있는데 간혹 오리껍질이 길쭉하게 늘어진것들이 있거든요 그럼 먹다가 목구멍에 걸릴때도 있어서 그 부분만이라도 잘라주시는게 좋답니다|6. 그 다음 제일 익는데 오래걸리는 감자부터 익혀줄꺼예요 감자가 없으시면 요 과정은 그냥 패쓰~ 후라이팬에 식용유를 둘러 감자를 골고루 펴서 익혀주세요|7. 감자가 어느정도 익으면 소스를 부어줄껀데요 이때 소스를 바로 부으시면 안되요 감자를 익는데 시간이 어느정도 걸리기 때문에 이미 후라이팬에 많은 열감이 있거든요 이때 소스를 바로 부어버리면 다 타버리니까 불을 잠깐 꺼두시거나 약불로 줄이셨다가 후라이팬이 식으면 소스를 부어주세요|8. 그리고 소스가 다시 파르르~ 끓어오르기 시작하면 오리고기와 부추를 제외한 나머지 야채를 몽땅 넣어주세요 ~|9. 그리고 소스가 고기와 야채에 잘 어우러지도록 골고루 섞어주시고 불을 꺼주세요 부추는 뜨거운데 넣으면 금방 흐물거리기 때문에 불을 끈뒤에 넣어주고 섞어주시면 훈제오리 요리 완성 ~|10. 훈제오리야채볶음에 간장양념을 곁들여 적당히 짭쪼롬 하면서도 아삭한 식감의 야채와 쫄깃한 식감의 오리고기가 만나 풍부한 맛을 이룬답니다"
계란국,"계란 3알,물 3-4컵,다진파 1T,소금 약간,액젓 1t,다시마 1장 (5cm x 5cm),멸치 8마리","1. 달걀은 소금 한꼬집 넣어 잘 풀어주세요|2. 냄비에 물 붓고 다시마, 멸치를 넣어 센불에서 끓이다 끓어오르면 중약불로 줄여 약 10-15분 정도 더 끓여서 밑국물을 만들어 주세요.|3. 약 10-15분 후, 밑국물 재료는 건져내고 액젓 1t를 넣어주세요.|4. 그 다음 달걀물을 원을 그리듯이 부어주세요.|5. 약 30초 있다가 한번 휘이 저어주세요.|6. 불끄고 송송 썬 파 1T 넣고 부족한 간은 소금으로 하면 완성입니다."
떡국_만두국,"떡 2줌,만두 5개,당근 1/6개,양파 1/2개,애호박 1/4개,달걀 1개,대파 1대,멸치 10마리,다시마 2장,국간장 2T,소금 1t,후추 1/2t,참기름 1/2T","1. 당근,양파,애호박은 모두 채썰어주고 대파는 송송 썰어주세요.|2. 떡은 물에 담가 불려주세요.|3. 달걀 1개는 그릇에 대강 풀어주세요.|4. 냄비에 준비한 멸치,다시마를 넣고 물이 끓으면 다시마는 진액이 나오기 때문에 건져준 후 15분간 끓여주고 멸치를 건져주세요.|5. 육수에 당근과 애호박을 넣어주세요. 양파는 아삭한 식감을 위해 나중에 넣어줄거에요. 아삭한 식감을 싫어하신다면 이때 넣어주시면 된답니다.|6. 당근이 익어가면 불린 떡을 넣어주세요.|7. 간은 국간장 2T, 소금 1t를 넣어주세요.|8. 양파의 아삭한 식감을 좋아해서 간을 한 후 양파를 넣어줬어요.|9. 후추는 1/2t정도 톡톡 뿌려주세요. 부족한 간은 취향껏 맞춰주세요. 국간장은 너무 많이 넣으면 색이 까매지니 향만 내고 나머지는 소금으로 간해주세요.|10. 간을 다 맞추면 만두를 넣어주세요.|11. 보글보글 끓여주다가 계란을 원으로 둘러주세요.|12. 떡만둣국의 포인트, 참기름 1/2T를 넣어주세요.|13. 마무리로 대파를 넣어주면 완성이에요."
무국,"무 230g,작은대파 1대,다시멸치 1줌,물 1000ml,참기름 2큰술,국간장 1큰술,소금 1티스푼 ","1. 물 1L 다시 멸치 한 줌 넣고  육수를 우려줍니다|2. 무 채 썰어|3. 냄비에 담고 참기름 2,국 간장 1,소금 티스푼 1 넣고|4. 슥슥슥~~ 볶아 주다가|5. 준비한 육수 붓고|6. 팔팔~ 끓여줍니다|7. 대파 송~ 송~ 썰어|8. 넣고 푹~ 끓여주면 끝"
미역국,"미역,다진마늘1T,간장1T,된장 1t,소금 간맞추기","1. 미역은 물에 담궈 불려준다.|2. 불려진 미역은 잘게 잘라서 냄비에 넣고, 참기름을 넉넉히 두르고 센불에 볶아준다. 센불에 미역이 물기가 거의 없어질 정도로 많이 볶아준다. 미역들이 물기가 없어 냄비에 달라 붙을 지경이 될때까지.. 이게 뽀인트1|3. 볶아진 미역에 물을 미역이 잠기지 않을정도로만 부어주고 다진마늘을 한스푼정도 넣어주고 센불에 끓여준다. 이게 뽀인트 2!!!! 물을 적게 붓는 것.. 물이 적으면 그만큼 잠깐만 끓여도 미역국이 뽀얗게 나온다.|4. 물이 졸아들면 다시 물을 미역이 잠길만큼 부어준다. 벌써 국물이 뽀얗게 보인다. 간은 간장 1T, 된장 1/2T, 소금(원하는 간만큼 소금을 넣어준다.)|5. 국물이 졸아들면 이제 원하는 물 높이로 물을 넣고 센불에 마지막으로 시간이 되는만큼 끓여준다.|6. 뽀얗고 진한 미역국 완성!! 홍합미역국, 새우미역국 등등 본인이 원하는 미역국이 있을거다.. 그건 개인취향에 따라 추가 하면 됨..."
북엇국,"북어 2줌,무 적당량,달걀1개,멸치다시마육수 6컵,대파 약간,참기름 1큰술,다진마늘 0.5큰술,참치액 1큰술,새우젓 1큰술","1. 무는 먹기 좋은 크기로 썰어주고. 대파도 송송 썰고|2. 북어는 물에 살짝 담가 물기를 제거하고 팬에 참기름1,참치액1 그리고 북어를 넣고 달달 볶다~|3. 썰어놓은 무를 넣고 볶아주다|4. 멸치다시마육수6컵을 부어주고|5. 다진마늘 0.5|6. 새우젓1 넣고 바글 바글 끓여줍니다. 무와 북어에서 맛이 우러나도록 ~|7. 국이 거의 완성될쯤 (무가 익으면 되겠죠) 달걀1개를 풀어 빙~~둘러 부어줍니다. 이때 숟가락으로 젓지 마시고 그냥 두심 되요.|8. 대파 넣고 한소끔 더 끓여 마무리 달걀 넣고 오랫동안 끓이는것 보다 마지막에 넣어 살짝 끓여 마무리 하는게 달걀이 부드럽고 맛있어요. 기호에 따라 후추가루를 넣어도 좋아요 (부족한 간은 소금으로 해주세요)|9. 북엇국 완성 무도 넣고 달걀도 풀어주고 시원하고 뜨끈한 국 한그릇"
시래기국,"삶은시래기 300g,된장 3큰술,고추장 1큰술,국간장 2큰술,다진마늘 1큰술,채 썬 양파 1/2개,다진파 1대,설탕 1작은술,후추 톡톡 ,풋고추 2개,들깨가루 6큰술,들기름 2큰술,쌀뜨물 3L,고추 1~2개,고춧가루 1/2술","1. 재료를 준비해요. 삶은 시래기는 먹기좋은 크기 5센티 길이내외로 잘라 줍니다. 양파는 채썰고, 파는 잘게 썰어주세요.  ​|2. 시래기 300g과 양파, 마늘, 파, 된장 3큰술, 고추장1큰술, 국간장 2큰술, 설탕1작은술, 들깨가루 5큰술을 넣고요,(설탕을 조금 넣으세요. 시래기의 비린내가 없어져요)|3. 잘 무쳐 줍니다. 이렇게 간이 베이라고 두어도 되지만 어차피 오래동안 끓이는 국이라서 바로 끓여도 됩니다.|4. 불을 올린 냄비에 들기름 2큰술을 두르고 버무린 시래기를 넣고 육수 또는 쌀뜨물을 1컵만 붓고 달달 볶아주세요.  ​|5. 이제 쌀뜨물이나 사골육수,또는 둘을 섞은걸 전부 부어 줍니다.오래동안 끓일거라서 넉넉히 부어야 되요.|6. 냄비 가득입니다. 센불에서 끓이다가,뚜껑을 닫고 중약불에서 시래기가 완전히 뭉글~해 질때까지 끓여 줍니다.|7. 국물이 많이 졸아들었어요. 시래기가 흐물해지면 거의 다 된겁니다. 고추 1~2개 썰어 넣고 소금으로 마지막 간하면 완성!입니다.|8. 끓인 그대로 고추만 좀 더 올려 내어도 구수~하니 너무 맛있구요,|9. 고춧가루 반 술, 들깨가루 1술 더 넣어 훌훌 저어 먹어도 아주아주 맛있습니다.  ​"
육개장,"소고기,고사리,대파,숙주,표고버섯,식용유 2큰술,참기름 4큰술,고춧가루 3큰술,다진마늘 1큰술,국간장 2큰술,소금 약간","1. 고사리, 대파, 표고버섯은 먹기좋은 크기로 잘라서 준비해주시구요 숙주는 깨끗이 씻어서 준비해주세요|2. 그리고 큰 냄비나 웍에 식용유 2큰술, 참기름 4큰술 넣어줬어요 양에 따라 참기름은 좀 더 넣으셔도 되요|3. 그리고 큼직큼직하게 썰어둔 대파를 먼저 달달 볶아주세요 ~|4. 살짝 복은뒤에 소고기도 넣어서 같이 볶아주시구요|5. 소고기 겉면이 어느정도 익었다 싶을때 고춧가루 3큰술을 넣어서 한번 휘리릭 볶아주세요|6. 그리고 물을 넣어주시는데요 재료에 따라 물양은 더 추가하셔도 좋아요|7. 물을 넣어주고 살짝 끓어오르기 시작하면 미리 준비해두었던 고사리와 표고버섯을 넣고 같이 끓여주세요 토란대도 준비하셨다면 토란대도 같이 넣어서 끓여주세요|8. 그리고 이위에 다진마늘 1큰술, 국간장 2큰술을 넣어줬어요 간은 드시는 기호에 따라 국간장이나 소금을 더 추가하시면 되는데요 전 소금을 1/2큰술 정도 더 넣어서 끓여줬어요 신랑은 살짝 싱겁다고 하긴 했는데 제입맛엔 딱이였거든요 ~ 드셔보시면서 간은 추가해주시면 될것같아요|9. 그리고 마지막에 씻어두었던 숙주를 올려서 바글바글 끓여주시면 된답니다 ~|10. 아주 먹음직스럽게, 어느정도 비주얼도 그럴싸하죠 ~^^ 그동안 육개장을 왜이렇게 어렵게 끓였었나 싶더라구요 이렇게 쉬운 레시피가 있는데 말이죠 ㅋ|11. 저는 국물보다 건더기양이 좀 더 많았었는데 육개장은 또 이런 건더기 먹는 재미도 있어서 딱 좋더라구요 ~ 취향에따라 마지막에 계란 풀어서 넣어주셔도 좋아요 ~"
콩나물국,"콩나물 4줌,다진파 5T,멸치다시마육수 500ml,다진마늘 1/2T,국간장 1T,멸치액젓 1T,소금 1/3T",1. 콩나물은 누런부분과 껍질부분 제거하고 두세번 세척후 소쿠리에 받쳐줍니다. 미리 멸치다시마육수 500ml도 준비해주세요~|2. 냄비에 씻은 콩나물을 넣고 멸치다시마육수 500ml를 넣은후 물 700ml를 넣고요~|3. 센불로 켠후 끓으면 중약불로 줄여 5분동안 끓여줍니다.|4. 5분경과후~ 다진마늘1/2T. 다진파5T. 국간장1T. 멸치액젓1T를 넣은후~ 한번 바글 끓인후 간을 보셔서 싱거우면 소금간을 추가하세요~ 저는 소금1/3T정도 넣었습니다.
과매기,"아보카도 1개,양파 1/4,방울토마토 7개,레몬즙 3큰술,소금,후추,나초","1. 아보카도 실온에 5일 정도 두었다가 익어서 지금은 냉장고에 보관 중이랍니다. 양파와 방울토마토는 다져서 준비를 합니다.|2. 아보카도는 가운데를 씨를 중심으로 자른 후에 숟가락으로 퍼내주면 깔끔하게 제거가 된답니다.|3. 퍽퍽 숟가락으로 으깨주세요. 아보카도는 숲속의 버터라고 불린다고 합니다.|4. 아보카도, 양파, 토마토를 넣고 레몬은 없으니 레몬즙을 3큰술 넣었어요. 마늘을 넣기도 하던데 전 다진마늘은 뺐어요.|5. 소금과 후추를 넣어서 간을 맞춰줍니다.|6. 잘 섞어주면 멕시코요리인 과카몰리라고 한답니다.|7. 과카몰리는 나초와 함께 드시면 됩니다"
양념치킨,"물엿 4큰술,다진 마늘 2큰술,케찹 2큰술,설탕 2큰술,고추장 1큰술,고춧가루 1큰술,물 1큰술,간장 1큰술","1. 냄비나 웍에 고춧가루 1Ts과 설탕 2Ts, 간장 1Ts을 넣어주세요|2. 물 1Ts과 물엿 4Ts까지 넣어줍니다|3. 케찹 2Ts과 다진 마늘 2Ts을 넣고|4. 마지막으로 고추장 1Ts까지 넣어주세요|5. 잘 섞은 뒤 끓여주세요|6. 보글 보글 끓으면 불을 끄고 한김 식힌 다음 열탕 소독한 병에 보관하면 된답니다:)|7. 소스를 활용하기 위해 닭을 튀겨줍니다|8. 그리고 양념치킨 소스를 부어 붓으로 골고루 발라줬어요|9. 백종원 양념치킨 소스로 맛있는 양념치킨이 완성되었습니다:)"
젓갈,"배추 1포기,무 1/2개,쪽파 10줄기,당근 1/2개,홍고추 4개,천일염 8주먹,쌀밥 2/3공기,천일염 2T,양파 1개,배 1개,마늘 12개,생강청 2T","1. 배추는 윗부분에서 반으로 칼집내서|2. 쩍 가르고 (배추도사님 모신다~ 생각하시고 조심스레 해주셔요~지는 성격급해 팍팍하다 보니 잎이 좀 뜯겼어욤ㅠ)|3. 반자른 도사님 마찬가지로 윗부분만 칼집넣어 쩍~! 총 4등분으로 잘라 주세요~~|4. 굵은 잎부분에 소금을 켜켜히 뿌려주시고 물도 대접으로 한대접 정도 넣어 절어주세요~저는 천일염 8주먹정도 사용 했어요~|5. 쌀밥을 밥공기기준 2/3정도 양이랑 물은 대접으로 한대접반 넣고 끓여서 밥풀을 만들어 주세요~ 국물이 넉넉한게 좋으시면 더넣어주셔요~(배추는 숙성 과정에서 물이 생기는걸 감안 해주시구요^~^)|6. 그사이 무반개도 채썰어 소금에 절여 주시구요|7. 당근 반개도 채썰어 소금에 절여 주세요^~^ 무랑 당근은 약간 흐물흐물해질 정도만 절이시믄 되요^~^|8. 홍고추 4개는 씨를 빼고 채썰어 주시구요~|9. 쪽파 10개도 적당크기로 잘라 주세요~|10. 밥풀은 끓이시다 사진정도로 불어졌다 싶으실때 꺼서 식혀 주세요 ~ (귀찮다 하시믄 어차피 밥풀도 믹서기에 같이 갈아야하기 때문에 굳이 안끓이 셔두되요^~^ 저는 좀더 위생적이라고 끓여 줬어요^^)|11. 이렇게 해서 ~절인무반, 절인당근반,양파하나,배하나,생강청은2스푼만,마늘12개(사이즈가 커서 12개인데 사이즈가 작으시믄15개정도),홍고추4개,쪽파10개 썰어주심 배추속은 다준비 되었어요 ^~^  (생강청이 없으시면 생강 마늘 만한거 3개정도 준비하시면 되구요 저는 새콤 하면서도 달달한게 좋아서 배도 한개 다사용 했어요ㅎㅎ)|12. 믹서기에 밥풀이랑 같이 넣어가며 마늘,생강,양파,배를 넣고 갈아주세요~~ 천일염 2스푼도 넣어 충분히 저어준후 간을 맞춰 주시구요~ 모지란간은 천일염으로 해주시고 단맛이 부족할때는 배를 좀더 갈아 넣어주시는게 설탕보다는 좋을꺼 같아요^~^(절인 배추의 간도 있으니 너무 짭게는 하지 마셔요 ㅎㅎ)|13. 손질한 배추속 재료를 다넣고|14. 잘 섞어 주세요~|15. 배추를 반나절은 절인거 같아요~ 3번정도 씻어 물기를 빼고, 배추속 양념은 배추가 다 절여지기 전에 미리 만들어 놓으셨으면  향이 빠져나가지않게 밀봉해두셨다가|16. 절인 배추 사이사이에 양념을 넣어 주세요~|17. 양념이 혹시나 모지랄까봐 속재료를 쪼매 아꼈더니 위가 지저븐 하네요ㅎㅎ|18. 김치통에 넣고 일회용 비닐팩을 덮어서 실온에 익혀 주세요~ 더위생적이고 이물질이 안들어 갈꺼 같아 씌워봤어요ㅎㅎ|19. 정확히 이틀 뒤에 개봉했는데. . . 와. . 저 이런말 해두 될지. . 제가 만들었지만 정말 맛있어요~!!!!!☞☜  새콤달짝지근 제가 딱 원하던 그맛~!!!!!! 너무너무너무 맛있어서 만들땐 좀 귀찮았는데 두포기 안담은게 너무 후회스럽네요. . ㅜ 아직 약간 덜익었는데 너무 맛있어서 못참고 먹습니다ㅎㅎ"
콩자반,"검은콩 250g ,콩 불린물 150ml,간장 5스푼,카놀라유 1스푼,설탕 2스푼,올리고당 2스푼,통깨 약간",1. 콩 250g을 3번 정도 세척한 뒤 콩이 잠길 정도의 물을 넣고 1시간 정도 불려줍니다.|2. 불린 콩을 냄비에 넣고 불린 물을 150ml를 부어 자작하게 만들어줍니다.|3. 간장 5스푼을 넣어줍니다.|4. 카놀라유 1스푼을 넣어줍니다.|5. 설탕 2큰술을 넣어줍니다.|6. 보글보글 끓여주다가 물이 어느정도 졸으면 약불로 줄여 끓여주세요.|7. 이 정도까지 졸여지면|8. 올리고당 2스푼 정도 넣어서 단맛을 조절해줍니다.|9. 통깨를 넣어 마무리!|10. 콩불리는 시간이 오래 걸려서 그렇지 콩자반레시피는 정말 쉬워요!!|11. 서리태를 오래 불려서 만든거라 씹는 식감도 좋고 짭쪼롬하면서 달달하기까지해 간도 아주 굿!!
편육,"뼈 없는 닭발 1kg ,돼지껍데기 1kg ,밀가루,소금,대파 3대,양파 2개,마늘 5T,청양고추 15개,홍고추 5개,감초 1줌,황기 3뿌리,당귀 1줌,오가피 1줌,파뿌리 10개,파 2대,생강 3쪽,간장 4T,후춧가루 1T,소금 1T,고춧가루 4T,고운고춧가루 1T,흑임자 1T,깨 1T","1. 1.양념국물 끓일 재료를 씻어 준다|2. 2.끓인 후 걸러준다(약불1시간정도) (물3L, 감초, 당귀, 황기, 오가피, 파뿌리, 생강, 파2대)|3. 3.닭발을 밀가루, 소금으로 박박 문질러 깨끗이 씻어준다|4. 4.닭발의 잔뼈를 제거 후 씻어준다|5. 5.돼지껍데기를 씻어준다|6. 6.닭발을 끓는 물에 데쳐준다|7. 7.돼지껍데기를 끓는 물에 데친 후 기름기를 제거 후 썰어준다|8. 8.걸러준 양념국물에 닭발, 돼지껍데기를 넣고 40분이상 끓여준다.|9. 9.양파를 다져준다|10. 10.대파를 다져준다|11. 11.마늘을 다져준다|12. 12.홍고추를 다져준다|13. 13.청양고추를 다져준다|14. 14.마늘, 대파, 양파, 청양고추, 홍고추 순서로 볶아준다|15. 15.닭 육수 2컵을 넣고 간장, 후추, 고춧가루를 넣고 졸여준다|16. 16.끓인 양념을 닭발과 돼지껍데기에 부어 국물이 자작하게 졸여준다|17. 17.틀에 부어 굳혀준다"
피자,"또띠아 2장,간마늘 1T,피자치즈 200g,토마토소스 2T",1. 먼저 고르곤졸라 피자를 만들꺼에요  팬에 또띠아를 올려주구요|2. 간마늘을 쫙 펴줄꺼에요.|3. 간마늘을 얇게 쫙 펴줍니다.|4. 피자치즈를 그위에 쫙펴주면 준비는 끝  여기서 치즈를 끝쪽은 조금 남기고  뿌려줍니다.  치즈가 녹으면서 흐를수 있으므로...|5. 팬 뚜껑을 덮고   3분정도 약불에 놓으면   요렇게 피자완성~~~|6. 요렇게 알맞은 크기로 잘라서   먹으면 됩니다.  꿀을 같이 찍어 먹으면 되지요  바삭하고 쭉 늘어나니 너무 좋아요.|7. 초 간단으로 집에서 만들어 먹는  고르곤졸라 피자에요.|8. 원하는만큼 치츠도 듬뿍 넣어  먹을수있는게 좋은거 같아요.  달달한 꿀과 함께 라면  맛있다는|9. 이번은 시판용 토마토 소스로 만드는  초간단 피자에요   시판용 토마토소스를  또띠아에 골고루 바른후|10. 피자치즈를 골고루 뿌려주고|11. 팬 뚜껑 덮고 약불에서 3분이면  완성!|12. 아이들은 요걸 너무 좋아하드라구요.  소스맛이 맛있는거 같아요|13. 피자피즈 쭉쭉 늘어나는거 보이나요?|14. 요것도 꿀을 콕 찍어 먹으면 좋아요.  아이들과 이렇게 해먹으면  좋을것 같아요.
후라이드_치킨,"닭고기,감자 1개,물엿 2.5C,케첩 1C,고추장 0.5C,진간장 0.5C,간마늘 1C,고운고춧가루 0.5C,황설탕 1C,물 0.5C","1. 먼저 닭볶음용 생닭을 준비해 주세요  중닭 크기를 준비하시면 알맞구요  마체프는 좀 더 깔끔하게 튀기려고 닭봉으로만 준비했어요     닭 밑간은 소금과, 후추!  맛소금은 밥숟가락 반 정도, 후추는 듬뿍 넣어주시구요  그리고 비린 맛을 잡기 위해 우유 한컵을 넣어주세요|2. 우유에 재워뒀던 닭고기위에  튀김가루 한컵을 뿌려준 후 조물조물해주세요|3. 깨끗한 비닐봉지를 준비해 튀김가루 반컵을 바닥에 까ㄹ고 튀김가루가 깔린 비닐봉지 안에 닭고기를 넣은 후 닭고기 위에 또 한번 반컵 튀김가루를 뿌려주세요     풍선놀이를 하듯 비닐봉지를 부풀려잡고  마구 흔들어 튀김가루와 닭고기가 고루 섞이도록 흔들어주세요     이렇게 하면 시판 후라이드 치킨 같이 튀김 결이 살아나게 튀길 수 있답니다|4. 이제 마체프 냄비에 튀김을 할텐데요  마체프 냄비는 통5중 스텐냄비라 열을 고르게 전달해 주고요  냄비 뚜껑을 닫아놓고 튀기면 기름 냄새도 많이 나지 않게  튀김 요리를 할 수 있답니다|5. 마체프 냄비에 기름을 충분히 넣어 주시구요  마체프 전기렌지에 열을 올려서  사진 처럼 기름에 약간의 크랙이 생길때까지 기다리셨다가|6. 닭 투하~!!|7. 마체프로는 감자도 큼직하게 썰어서 같이 튀겼어요  따로 튀김옷을 입히지 않아도 어메이징하게 튀겨진답니다~|8. 그리고 마체프 후라이팬을 준비해서  양념치킨 소스를 만들거에요|9. [양념치킨 소스 레시피]  소스는 모두 종이컵으로 계량하는 것, 아시죠?|10. 분량의 재료를 마체프 후라이팬에 넣고  보글보글~ 끓여주기만 하면 끝~|11. 마체프 전기렌지 위에서  왼쪽 마체프 냄비에서는 치킨이 튀겨지고  오른쪽 마체프 후라이팬에서는 양념치킨 소스 끓이고~  아름답지요? ㅎㅎㅎ|12. 색이 노릇노릇하게 나올때까지  마체프 냄비 뚜껑을 닫고 익히면|13. 사먹을 필요 없는, 후라이드 치킨 완성!!|14. 비닐봉지에 튀김가루를 반으로 나눠서 넣은 다음  흔들어서 튀김 옷을 만드니  정말 시판 후라이드처럼 튀김결이 정말 살아있더라고요     겉은 바삭, 속은 촉촉한 감자튀김까지~!  양념치킨 소스에 포옥~! 찍어먹으면 그 맛이 아주 굳!     꼭 만들어 보세요~"
갓김치,"갓 2단,쪽파 1/2단,절이는소금(천일염) 1컵,물 1L,고춧가루 1.5컵 ,홍고추간것 1컵,까나리액젓 1컵,새우젓 3큰술,매실청 2/3컵,설탕 2큰술,통깨 1/2컵,물 500ml,밀가루 8큰술","1. 요런 갓이 2단입니다.|2. 갓이 싱싱하고 좋아서  떡잎도 없고 별로 손질할게 없더라고요.|3. 갓에 물 1L 축여주고요.|4. 소금은 계량컵으로 한 컵.|5. 소금에 절이는 시간은 1시간 30분 정도. 갓 잎이 숨이 죽을 정도까지만 두면 된답니다.|6. 갓이 절여지는 동안 밀가루 풀을 쑤었어요. 강력분이라 차지기도 해요.|7. 갓이 잎이 절여졌길래|8. 5번 씻어 건졌어요. 수분은 제거하지 않고 그대로 뒀어요.|9. 갓김치 담그는법. 고춧가루 1+1/2컵, 홍고추간것 1컵, 풀쑨것 모두, 까나리액젓 1컵, 매실청 2/3컵,  마늘 3큰술|10. 새우젓 3큰술과 통깨 1/2컵 넣고요.|11. 휘릭 버물버물~ 마지막 간을 보니  단 맛이 부족해서 설탕 2큰술 추가했어요.|12. 양념을 갓김치에 살살 발라주면 되는데요.|13. 앗! 쪽파를 잊었네요. 쪽파 넣고|14. 양념을 살살 펴 바릅니다. 갓김치 사이사이에 쪽파를 껴 넣으면서 ㅎㅎ|15. 통에 담고 마무리 ~"
깍두기,"무 2개,고춧가루 5T,천일염 3T,다진 마늘 2T,설탕 3T,멸치액젓 2~3T,쪽파 적당히 (or 대파)","1. 무는 깍둑깍둑 깍둑썰기 해주세요~ 소금에 절여지면서 줄어드니까 너무 작게는 썰지마시고요.|2. 고춧가루 5T 넣어 색을 먼저 입히고~ 버무려주세요.|3. 나머지 양념넣고 버무려주세요. (천일염3T, 설탕3T, 다진마늘2T, 멸치액젓2~3T, 파)|4. 끝이예요! 너무 간단한가요? ㅎㅎ 소금에 먼저 절이기도 하지만 이정도양은 그냥 같이 버무려도 괜찮더라고요~|5. 버무려서 통에 옮겨담았어요~ 색도 빨갛게 너무 예쁘게 나왔어요. 하루 실온에 두고 다음날 냉장고에 넣어주세요. 초보인지도 모를 비주얼~ ㅋㅋ"
나박김치,"배추잎 10장,무 1/3개,통마늘 5개,당근 1/2개,쪽파 1움큼 ,홍고추 2개,고추가루 5스푼,설탕 3스푼,생강가루 1/2티스푼,소금 3.5스푼,생수 2L ","1. 재료:배추잎 10장,무1/3개,통마늘5개,당근1/2개,쪽파한웅큼,홍고추2개     양념재료: 고추가루5스푼,설탕3스푼,생강가루1/2티스푼,소금3스푼반,생수2리터|2. 물3컵을 준비한뒤 고추가루5스푼을 넣어줍니다.|3. 물과 고추가루가 잘섞이도록 풀어주세요.|4. 통마늘5개를 준비한뒤 채썰어서 준비|5. 당근1/2개를 준비해서 얇게 4등분해서 썰어주세요.|6. 쪽파는 한웅큼을 준비해서 10cm정도로 잘라주시는데 쪽파가 없으면 미나리로대체 가능합니다.|7. 무1/3토막을 나박썰어서 준비합니다.|8. 배추잎10장정도도 먹기 좋게 썰어서 준비|9. 홍고추는 어슷썰어준뒤 고추씨를 모두 제거해주세요.|10. 그릇에 면보를 씌운뒤 고추가루물을 부어줍니다.|11. 면보를 꾸욱 짜서 고추가루와 고추가루물을 분리해주세요     여기서 고추가루 물만 사용할거예요^^|12. 고추가루물에 소금3스푼반,생강가루1/2티스푼,설탕3스푼을 넣어서 풀어줍니다.|13. 큼직한 김치통에      무-배추-당근-쪽파-홍고추      순으로 차곡차곡 넣어줍니다.|14. 고추가루물을 부어준뒤 물 2L를 넣어주세요|15. 고추가루물과 물이 잘섞이도록 풀어준뒤 밖에서 3시간 이상 보관해주세요     바로 먹기 위해 조금 익혀주는 과정이예요     3시간이상 밖에서 보관하다가 냉장고에 넣기전 간을 보고      소금이나 설탕으로 부족한 간을 맞추어준뒤 냉장고에 보관후 차갑게 드시면 됩니다.|16. 초간단 나박김치 만드는법이었어요"
무생채,"무 600g,고춧가루 2큰술,다진 마늘 1큰술,설탕 1큰술,오미자청 1큰술 (또는 매실청),식초 2큰술,액젓 2큰술,소금 적당량,통깨 적당량,송송 썬 대파 1종이컵","1. 먼저 무는 깨끗이 씻은 후 가늘게 채 썰어주세요. *최대한 가늘게 채 썰어주셔야 양념이 잘 배고요. 무 껍질은 벗기셔도 되고 안 벗기셔도 됩니다 :)|2. 고춧가루 2 큰 술을 넣고 바락바락 문질러 무를 빨갛게 물들여주세요.|3. 다진 마늘 1 큰 술, 설탕 1 큰 술, 오미자청(또는 매실청) 1 큰 술, 식초 2 큰 술을 넣어주시고요.|4. 이어서 액젓 2 큰 술, 소금 적당량을 넣고 조물조물 무쳐 맛을 봐주세요. 약간 싱거우시면 소금을 더 넣어주시고요. 새콤한 맛을 더 느끼고 싶으신 분들은 식초를 조금 더 넣어주세요 :) 마지막으로 통깨와 송송 썬 대파를 넣고 가볍게 섞어주기만 하면 무생채 만드는 법, 끝 ~♩"
배추김치,"쪽파 1줌,양파 1개,마늘 8큰술 (양념은 모두 계량스푼기준),까나리액젓 8큰술,고춧가루 2컵 (400ml),새우젓 3큰술 (크게),매실청 150ml,소금 2큰술,설탕 2큰술,생강 1큰술,소금 2컵 (400ml),배추 3통,물 800ml,밀가루 100ml,물 2컵 (400ml)","1. 배추 3통 한망~~ 아직 가을배추가 남아있더라고요.~~ 햇배추는 잘 무르기도 하고 맛도 가을배추만 못하지요. 그래서 배추에 푸른색은 찾아볼 길 없어요. 하지만 배춧속이 노란 게 을매나 달달하고 고소한지 다들 아시죠?|2. 배추를 마구마구 막 썰어주세요.~~ 내 맘대로 막~~!! 위에 소금도 솔솔 뿌리고요.|3. 그런 다음 소금을 물에 타서 절여주세요.~~|4. ​소금으로 절이는 시간은 4시간~~ 중간중간 뒤집어 주시고 ㅎㅎ 날씨가 따뜻해져서인가 숨이 금방 죽더라고요.~~ 배춧속이 노오란 게 아주 맛나 보이죠? 이렇게 노란 배추로 김치를 담으면 아무리 양념을 잘못해도 기본적인 맛은 나와요.^^~~~|5. ​  배추는 5번 정도 깨끗이 씻어건지고 물기를 빼주는 시간에 양념을 만들어 주시면 돼요.^^~​  ​|6. ​양파, 마늘, 쪽파 ~ 쪽파는 배추 썰은 길이만큼 썰어주면 김치 담았을 때 깔끔해 보이더라고요.  풀도 넣고 젓갈(새우젓, 까나리액젓)을 넣고 고춧가루도 넣고 매실청도 넣고 생강 투하 ~~  설탕보다 매실청을 넣으면  익으면 더 맛지답니다.^^~~​   ​  ​|7. 기본양념을 들들~ 들 잘 섞어주고 양념이 빛깔 좋게 만들어지면  ​|8. 배추와 양념을 골고루 버무려주면 김치는 완성입니다.|9. 배추김치는 하루 밖에 두었다가  김치냉장고에 넣으심 아주 맛깔스러운 김치를 드실 수 있답니다. 한동안은 김치 걱정은 하지 않아도 될 것 같아요.^^~~"
백김치,"배추 1포기,무 1/2개,쪽파 10줄기,당근 1/2개,홍고추 4개,천일염 8주먹,쌀밥 2/3공기,천일염 2T,양파 1개,배 1개,마늘 12개,생강청 2T","1. 배추는 윗부분에서 반으로 칼집내서|2. 쩍 가르고 (배추도사님 모신다~ 생각하시고 조심스레 해주셔요~지는 성격급해 팍팍하다 보니 잎이 좀 뜯겼어욤ㅠ)|3. 반자른 도사님 마찬가지로 윗부분만 칼집넣어 쩍~! 총 4등분으로 잘라 주세요~~|4. 굵은 잎부분에 소금을 켜켜히 뿌려주시고 물도 대접으로 한대접 정도 넣어 절어주세요~저는 천일염 8주먹정도 사용 했어요~|5. 쌀밥을 밥공기기준 2/3정도 양이랑 물은 대접으로 한대접반 넣고 끓여서 밥풀을 만들어 주세요~ 국물이 넉넉한게 좋으시면 더넣어주셔요~(배추는 숙성 과정에서 물이 생기는걸 감안 해주시구요^~^)|6. 그사이 무반개도 채썰어 소금에 절여 주시구요|7. 당근 반개도 채썰어 소금에 절여 주세요^~^ 무랑 당근은 약간 흐물흐물해질 정도만 절이시믄 되요^~^|8. 홍고추 4개는 씨를 빼고 채썰어 주시구요~|9. 쪽파 10개도 적당크기로 잘라 주세요~|10. 밥풀은 끓이시다 사진정도로 불어졌다 싶으실때 꺼서 식혀 주세요 ~ (귀찮다 하시믄 어차피 밥풀도 믹서기에 같이 갈아야하기 때문에 굳이 안끓이 셔두되요^~^ 저는 좀더 위생적이라고 끓여 줬어요^^)|11. 이렇게 해서 ~절인무반, 절인당근반,양파하나,배하나,생강청은2스푼만,마늘12개(사이즈가 커서 12개인데 사이즈가 작으시믄15개정도),홍고추4개,쪽파10개 썰어주심 배추속은 다준비 되었어요 ^~^  (생강청이 없으시면 생강 마늘 만한거 3개정도 준비하시면 되구요 저는 새콤 하면서도 달달한게 좋아서 배도 한개 다사용 했어요ㅎㅎ)|12. 믹서기에 밥풀이랑 같이 넣어가며 마늘,생강,양파,배를 넣고 갈아주세요~~ 천일염 2스푼도 넣어 충분히 저어준후 간을 맞춰 주시구요~ 모지란간은 천일염으로 해주시고 단맛이 부족할때는 배를 좀더 갈아 넣어주시는게 설탕보다는 좋을꺼 같아요^~^(절인 배추의 간도 있으니 너무 짭게는 하지 마셔요 ㅎㅎ)|13. 손질한 배추속 재료를 다넣고|14. 잘 섞어 주세요~|15. 배추를 반나절은 절인거 같아요~ 3번정도 씻어 물기를 빼고, 배추속 양념은 배추가 다 절여지기 전에 미리 만들어 놓으셨으면  향이 빠져나가지않게 밀봉해두셨다가|16. 절인 배추 사이사이에 양념을 넣어 주세요~|17. 양념이 혹시나 모지랄까봐 속재료를 쪼매 아꼈더니 위가 지저븐 하네요ㅎㅎ|18. 김치통에 넣고 일회용 비닐팩을 덮어서 실온에 익혀 주세요~ 더위생적이고 이물질이 안들어 갈꺼 같아 씌워봤어요ㅎㅎ|19. 정확히 이틀 뒤에 개봉했는데. . . 와. . 저 이런말 해두 될지. . 제가 만들었지만 정말 맛있어요~!!!!!☞☜  새콤달짝지근 제가 딱 원하던 그맛~!!!!!! 너무너무너무 맛있어서 만들땐 좀 귀찮았는데 두포기 안담은게 너무 후회스럽네요. . ㅜ 아직 약간 덜익었는데 너무 맛있어서 못참고 먹습니다ㅎㅎ"
부추김치,"부추 1단,찹쌀풀 1컵,고춧가루 1.5컵,멸치액젓 1/2컵,마늘 1큰술,생강 약간,매실청 2큰술","1. 부추는 시간을 들려 깨끗하게 다듬고 찬물에 담궈 이물질을 가라앉히면서 4~5번 살살 씻어줘요. 씻은 후 채반에 올려 물기를 빼주구요|2. 풀을 쑤어 놓은 것이 좀 있어서 찹쌀풀 1컵에 고춧가루 1컵반, 멸치액젓, 마늘, 생강, 매실청을 넣어서 고춧가루를 미리 불려두었어요.|3. 풀을 넣어 끈끈한 양념이 만들어졌어요.|4. 양념을 옆으로 미루놓고 부추를 한쪽에 넣어요.|5. 양념을 올려 결대로 살살 문질러 주고 살짝 뒤집어서 또 양념 바르고 반 갈라 펼쳐서 양념 바르고 또 뒤집어서 양념 바르고....뒤적이는게 아니라 그저 로션 바른다 생각하며 양념을 발라줘야 풋내가 안나요.|6. 뒤적이기만 해도 양념이 골고루 잘 입혀졌어요. 부추가 그리 억센게 아니어서 생김치로 먹는게 더 맛날거 같네요.|7. 길이를 짧게 하기보다 통째로 담아서 먹을 때 조금씩 넣어 한두줄기씩 쑤욱 올려 먹는게 더 맛나요. 고기 쌈 먹을때도 좋고 조미하지 않은 김에 올려서 먹으니 진짜 좋더라구요."
열무김치,"열무 1단,부추,양파,고추,찹쌀가루,고춧가루 9큰술,마늘 3큰술,소금 5큰술,매실액 4큰술,생강 1큰술","1. 열무는 5cm 정도로 썰고 깨끗이 행궈준 뒤 물기를 빼주세요|2. 찹쌀 1컵(200ml)과 물 3컵(600ml)을 섞어주세요|3. 끓는물 1700cc에 풀어놓은 찹쌀풀을 넣고 잘 섞어주세요~~|4. 부추 대신 쪽파, 양파, 홍고추, 풋고추를 썰어주세요|5. 찹쌀풀은 식혀주세요~~ 풀을 먼저 만들어주시고 김치 손질하시는 게 좋을 거 같아요!!|6. 풀에 양념장 섞은 거에요~|7. 양념장과 김치를 잘 버무려주세요|8. 요거는 하루 지나고 찍은 거에요 막 담궜을 때보다 색깔이 더 밝아졌죠ㅎㅎ"
오이소박이,"오이 4개,양파 1개,당근 1/3개,부추 1줌,물 800ml,소금 4T,멸치액젓 2T,새우젓 1/3T,고추가루 4T,다진마늘 1T,설탕 1T","1. 먼저 굵은 소금으로 깨끗이 씻은 오이는 한개당 4등분으로 잘라 주세요. 오이 아래쪽에 약 1cm정도 여유를 두고 십자 모양으로 잘라줍니다.|2. 물 800ml에 굵은 소금4스푼을 넣고 센불에서 팔팔 끓여 줍니다. 백주부님의 아삭한 오이소박이 비법은 바로 이 뜨거운 소금물을 사용하는 거랍니다|3. 오이에 팔팔 끓은 소금물을 부어 약 30분 정도 절여 주세요. 이렇게 뜨거운 물을 부어주면 오이가 아삭하답니다.절이면서 한두번 뒤적뒤적 해주세요.|4. 오이가 절여지는 동안 부추,양파,당근을 썰어주세요.|5. 멸치액젓2스푼,새우젓1/3스푼,고추가루4스푼,다진마늘1스푼,설탕1스푼을 섞어 양념장을 만들어 주시구요. 손질한 부추,양파,당근을 넣고 가볍게 버무려 줍니다|6. 절여진 오이는 체에 받쳐 물기를 제거해 준 뒤 방금 만든 양념장을 오이속으로 적당히 넣어주시면 끝입니다|7. 요리초보도 실패없는 아삭한 백주부님 오이소박이 완성입니다|8. 한개 먹어보니 아삭한 식감에 간도 딱 맞아서 맛있네요. 입맛 없을때 밥에 물 말아 같이 먹음 없던 입맛도 돌아옵니다^^"
총각김치,"알타리무 3단,쪽파 1/2단,물 3L,굵은소금 3컵,찹쌀가루 3큰술,물 2컵,고춧가루 3컵,멸치액젓 1컵,새우젓 4큰술,다진마늘 6큰술,갈은 양파 1컵,설탕 4.5큰술","1. 먼저 알타리무(3단)는 무와 무청사이의 흙을 칼로 다듬어준 뒤, 흐르는 물에 2번정도 씻어줍니다. 저는 무에 상처가 나지 않도록. 부드러운 수세미로 겉 흙만 제거할 정도로 닦아주었습니다.|2. 그리고 굵은소금(3컵)을 뿌린 뒤, 물(3L)를 부어 2시간정도 절여줍니다. 무를 썰지 않고 절이므로 좀 오래 절여야해요. 2시간이 정닥하답니다. 알타리무 1단당 굵은소금 1컵, 물 1L를 부어주심 되어요. 좀 더 빨리 절이고 하려면 알타리무를 2등분해서 1시간정도 절이면 됩니다.|3. 무가 절여질동안 찹쌀풀을 만드는데요. 냄비에 찹쌀가루(3), 물(2컵)을 부어 덩어리 없이 잘 풀고, 불에 올려 숟가락으로 저어가며 끓입니다. 보글보글 끓으면 1분정도 더 저어가며 걸쭉하게 끓여준 뒤 찹쌀풀을 만듭니다. 찹쌀가루가 없다면 찹쌀가루 대신 밀가루(3)를 넣어주세요. 그럼 밀가루풀이 됩니다.|4. 고춧가루(3컵)+ 멸치액젓(1컵)+ 새우젓(4)+ 다진마늘(6)+ 양파갈은것(1컵)+ 설탕(4.5) 위 재료와 위에서 만든 찹쌀풀을 넣어 양념장을 만들고, 양파를 갈아서 넣으면 시원하니 맛있답니다.|5. 쪽파(1/2단)는 깨끗이 다듬어 손가락 길이만큼 썰어 준비합니다.|6. 2시간정도 절여진 알타리무는 흐르는물에 2번정도 깨끗이 헹궈 체반에 받쳐 물기를 빼준 뒤, 쪽파(1/2단), 양념장을 넣고 살살 밑에서 위로 버무려줍니다. 무청이 떨어지지 않게 두손으로 살살 버무려주세요.|7. 그리고 무청은 떨어지지 않게 무에 돌돌 감고|8. 김치통에 나란히 차곡차곡 담아준 뒤, 실온에서 2일정도 숙성시켜 냉장보관하면 됩니다. 알타리무를 썰지 않아서 좀 오래 숙성시켜야 익어요. 전 이틀정도 실온에 둔 뒤 냉장보관했습니다. 그리고 먹을때 2등분으로 해서 먹었습니다. 꼭 익으면 냉장보관 하시구요. 냉장고에서 익으면 맛이 없답니다. 실온에 두면 국물도 자작하게 나와서 걸쭉해집니다."
파김치,"쪽파 1단,설탕 2.5Ts,고춧가루 15Ts,물 10Ts,멸치액젓 15Ts,다진마늘 3Ts","1. 쪽파는 깨끗이 다듬고 흐르는 물에 깨끗이 씻어주세요. 물기를 제거해주세요.|2. 설탕2.5Ts,고춧가루 15Ts,물10Ts,멸치액젓15Ts,다진마늘3Ts를 만들어 놓고|3. 쟁반에 파를 조금씩 잡고 골고루 조금씩 뭍혀주세요. 머리부분에 더 꼼꼼히 발라주셔야 좋아요.|4. 먹기좋을 정도로 돌돌말아주셔도 좋고 그냥 펴서 켜켜히 담고 살짝 눌러주세요."
가지볶음,"가지 2개,고추 1개,양파 1/4개,대파 1대,참기름 1큰술,통깨 0.5큰술,간장 2큰술,굴소스 1큰술,설탕 1큰술,다진마늘 0.5큰술,고추가루 0.5큰술","1. 먼저 가지를 먹기좋게 썰어주어요,저처럼 동글하게 썰어도 좋고, 손가락 만하게 썰어도 OK!|2. 양파는 채썰고, 파와 고추는 너무 얇지않게 쫑쫑~ 썰어주세요.  ​|3. 분량의 양념장을 만들어 주세요.|4. 넉넉하게 기름을 두른 팬에 파를 먼저 넣고 볶아서 파향을 내어 주면 볶음의 풍미가 훨씬 좋아진답니다.|5. 파가 노릇해질때 가지와 양파를 넣고 계속 볶아주어요.  ​|6. 가지가 어느정도 익으면 양념장을 넣고 양념이 잘 베이도록 볶아줍니다.|7. 완성무렵에 참기름 1큰술 휘리릭~ 둘러주고요, 고추도 넣어줍니다. 지금 고추를 넣으면 씹히는 맛이 있어 좋더라구요.|8. 마지막으로 통깨 0.5큰술 톡톡톡~ 완성입니다 : )|9. 가지는 호불호가 있는 채소인데 이렇게 맛있게 볶는다면 아마도 모든분들이 만족하며 드실 수 있으실 거에요 : D"
고사리나물,"불린 고사리 2줌,대파 1/2대,다진 마늘 1T,국간장 2T,들기름 1T,식용유 약간",1. 하루전날 불린 고사리는 냄비에 넣고 불린물도 부어주고 충분한 물에 고사리가 넉넉히 잠길만큼의 물을 넣고 중불에 올리고 끓기 시작해 약15~20분간 뚜껑덮고 삶아줍니다|2. 삶아진 고사리는 씻어 물기제거하고 긴 것은 잘라줍니다|3. 대파는 송송 다진마늘1을 준비하고|4. 달궈진 팬에(중불)에 식용유 약간을 넣고 고사리를 볶다가 파 마늘을 넣고 볶기~ 국간장 2를 넣고 버무려주세요|5. 들기름2T를 넣고 볶아주세요 빠르게 조금만 볶아요~|6. 볶아진 고사리에 부족한 간은 국간장으로 하고|7. 접시에 담고 깨소금 뿌려냅니다
미역줄기볶음,"염장 미역줄기 1팩 (300g),당근 1/6개,양파(중) 1/3개,식용유 2큰술,다진마늘 1큰술,국간장 1/2큰술,참기름 1큰술,깨 1/2큰술","1. 염장 미역줄기는 흐르는 물에 3-4번 정도 씻은 후 찬물에 15분간 담가 소금기를 빼주세요.|2. 미역줄기는 물기를 꼭 짠 뒤 한입 크기(4cm)로 썰어주세요.|3. 양파와 당근은 채 썰어주세요.|4. 팬에 식용유를 두르고 중불에서 다진마늘 1큰술을 볶아주세요.|5. 향이 올라오면 강불로 올려 채썬 양파와 당근을 넣고 1분간 볶아주세요.|6. 미역줄기를 넣고 1분, 국간장 1/2큰술을 넣고 3분 볶아주세요.|7. 참기름 1큰술과 깨 1/2큰술을 넣어 30초간 더 볶아주면 완성이에요."
숙주나물,"숙주나물 300g,소금 1ts,참치액 1Ts,다진 마늘 1Ts,참기름 1Ts","1. 숙주나물은 물에 흔들어 가면 씻는다.|2. 씻은 숙주나물은 물기를 제거한다.|3. 물기를 제거한 숙주나물에 소금을 넣고 버무린다.|4. 바닥이 두꺼운 냄비에 체반을 올려 준다.|5. 체반위에 숙주를 깔아 준다.|6. 뚜껑을 덮어 센 불로 가열한 후 김이 나면 불을 끄고 1분 정도 기다린다.|7. 숙주나물은 그릇에 담아 식혀 준다.|8. 참치액, 다진 마늘, 참기름을 넣고 버무린다."
애호박볶음,"애호박 1개,양파 1/2개,들기름 1스푼,새우젓 1스푼,다진마늘 1/2스푼,통깨 약간",1. 깨끗이 씻은 애호박은 길게 자른 후 두께 약 0.5cm 정도 반달 모양으로 썰어 주시고요|2. 양파는 채썰어서 준비 하고요|3. 후라이팬에 들기름 두르고 양파와호박을 넣고 센불에서 볶아줍니다 (호박은 센불에 볶아야 색이   변하지 않고 녹색을 유지합니다)|4. 바로 새우젓과 갈은마늘도넣고 볶아도 호박은 금방익고 아삭한 맛이 살아 나며 고소 하지요|5. 예쁜 녹색을 식탁까지 유지하려면 볶은호박을 넓은접시나 쟁반에 얇게펴서 시원한곳에서 식혀주세요 후라이팬에 오래두면 색이 바로 변해 버립니다|6. 통깨솔솔 뿌리면 애호박볶음이 완성됩니다^^
경단,"건식찹쌀가루 400g,뜨거운 물 200ml,소금 약간,설탕 1큰술,카스테라 빵 80g,단호박가루 1작은술,녹차가루 1작은술,계핏가루 1작은술","1. 볼에 건식 찹쌀가루,소금,설탕 등을 섞어줍니다.|2. 뜨거운 물을 넣어가면 익반죽을 해줍니다.|3. 반죽을 한 덩어리로 만들어 손으로 잘 치대줍니다.|4. 반죽을 적당히 떼어 동글한 모양으로 빚어 줍니다.|5. 준비된 경단을 마르지 않도록  위에 랩으로 씌워줍니다.|6. 카스테라를 갈색 부분은 떼어주고 체로 곱게 내려줍니다.|7. 카스테라를 4등분 한 다음 카스텔라,단호박가루,계핏가루,녹차가루를 각각 섞어 줍니다.|8. 끓는 물에 경단을 넣고 삶아줍니다. 경단이 둥실둥실 떠오를 때까지 끓여줍니다.|9. 찬물에 헹궈줍니다.|10. 체에 밭쳐 물기를 빼줍니다.|11. 경단을 카스테라 고물에  각각 묻혀줍니다."
꿀떡,"떡국떡 2종이컵,간장 2숟가락,참기름 1숟가락,꿀 4숟가락,검은깨 1숟가락",1. 떡국떡은 물에 담가 5~10분 불린다.|2. 양념장을 만든다.|3. 달군 팬에 식용유를 두르고 떡국떡을 넣어 노릇하게 구운 후 양념장을 넣고 섞는다.|4. 양념을 묻힌 떡에 검은깨를 뿌려 완성한다.
송편,"건식 멥쌀가루 600g,실온 물 460g,소금 7g,백년초 약간,쑥 약간,단호박가루 약간,깨 1/2컵,설탕 1큰술,앙금 약간,참기름 1큰술","1. 쌀가루, 소금, 물을 넣고 반죽합니다.  반죽은 많이 치댈수록 곱고 쫄깃한 송편이 됩니다.|2. 반죽은 적당히 나누어 천연색소를 넣고 다시 곱게 치대 준비합니다.|3. 20g씩 일정한 크기로 분할하여 둥글리기하여 젖은 면보를 덮어줍니다.|4. 깨소는 깨를 대충 빻아서 깨가 뭉쳐질 정도로만 앙금을 넣고 만들면 쉽습니다.|5. 둥글리기한 반죽에 구멍을 만들고 소를 넣고 오므려서 손으로 주물럭거려 송편 속의 공기를 완전히 빼야 완성된 송편이 터지지 않습니다|6. 스크래퍼를 이용하여 만든 조개송편, 단호박송편, 꽃송편 등 기호에 따라 공기를 뺀 송편을 좋아하는 모양으로 빚어줍니다.|7. 꽃 송편 장식은 송편반죽을 랩 사이에서 밀대로 밀어 꽃모양과 잎모양으로 찍어내서 준비합니다.|8. 송편 위에 꽃과 잎을 붙이고 마지팬 도구를 이용하여 눌러주면 예쁜 꽃장식이 됩니다|9. 빚은 송편들을 찜기에 시루 밑을 깔고 가지런히 서로 붙지 않게 담습니다. 찜 솥의 물이 펄펄 끓을 때 찜기를 얹어 20분 찝니다.|10. 쪄낸 송편들은 차가운 물을 뿌려 식혀서 참기름을 발라 식혀줍니다."
만두,"돼지고기 간 거 500g,당면 1줌,부추 1줌,두부 1모,양파 1/2개,대파 1개,숙주나물 300g,김치 1/3쪽,설탕 1큰술,간장 3큰술,굴소스 1큰술,청주 1큰술,생강 약간,후추 약간,마늘 3알",1. 만두피는 두 가지로 만들 수 있는데요. 찬물 만두피는 끓는 물이나 육수에 삶거나 빚자마자 찌는 찐만두용에 좋아요 찐만두용 만두피의 비율은중력분 200g 물 100cc 소금 1~3g 익반죽피는고온 고압의 스팀에 찌거나 찜구이 스타일로 익히는 군만두용에 좋고 냉동실에 얼려 두었을 때도 익반죽 피가 좋다고 해요 익반죽할 때 의 비율은강력분 200g 식용유 10~15cc 소금 1~3g|2. 오늘 저는 익반죽을 했어요. 밀가루에 뜨거운 물을 붓고 익반죽을 해줍니다. 물에는 소금 한티 스푼을 넣고 녹인 후 반죽을 합니다. 반죽의 소금은 밀가루의 글루텐 형성을 도와주고 즉 탄력을 생기게 해주고 간도하는 기능을 합니다. 찐만두나 군만두 또는 냉동실에 얼려서 사용하는 만두는 이렇게 익반죽을 해줘야 만두피가 잘 안 찢어지고 좋습니다. 식용유는 반죽의 방수 효과를 주는 기능을 합니다.|3. 위 재료를 다 넣고 반죽을 해 열심히 치댄 후 비닐봉지에 넣고  상온에서 3~4시간 정도 숙성을 시켜 주세요|4. 당면을 11분 정도 삶아 찬물에 헹궈 주세요|5. 숙주는 물 약간과 함께 뚜껑을 덮어 삶아주세요. 후루룩 끓으면 불을 끈 후 그대로 5분 정도 두면 잘 익어요. 그럼 찬물에 헹궈 물기를 짜둡니다|6. 고기는 설탕 /간장 /굴 소스 /후추 /청주 /생강을 넣고 젓가락으로 한쪽 방향으로 막 섞어 주세요. 굴 소스가 없으시면 간장으로 대체해 주세요. 설탕을 넣으셔야 만두의 식감이 휠씬 부드럽고 좋아요.|7. 부추도 잘게 잘라 주세요|8. 김치도 꽉 짜서 잘게 잘라 주세요|9. 당면도 잘게 잘라 주세요|10. 숙주도 잘게 잘라 물기를 꽉 짜 주세요|11. 양파도 잘라 잘게 다져 주세요|12. 대파도 길쭉하게 잘라 잘게 다져 주세요. 두부는 면포에 싸서 물기를 꽉 짜서 넣어 주세요. 두부 사진이 빠짐 ㅋㅋ|13. 김치 빼고 모든 재료를 한 곳에 넣어 주세요. 여기서 부추는 맨 나중에 다른 재료 다 같이 섞어서 치대준 후 넣어주세요. 그래야 풋내가 덜 납니다.|14. 부족한 간은 소금으로 추가해주시고 지금 간은 약간 싱겁게 해주셔야 합니다. 왜냐하면 반 조금 못되게 덜어서 김치만두 속을 만들 거거든요. 김치만두 만들 속을 덜어낸 후 고기만두에 간을 맞춰 주세요.|15. 절반 못되게 덜어낸 만두소에 김치를 넣어주세요. 김치와 잘 섞어주면 김치만두 속이 됩니다. 고기만두와 김치만두 속 두 가지가 완성됐어요|16. 이제 만두피를 만들어 주세요. 서너 시간 발효가 된 반죽을 치대면서 속에 있는 공기를 빼주세요.|17. 밀가루를 도마에 뿌리고|18. 길쭉하게 밀어준 후|19. 적당한 크기로 잘라|20. 동그랗게 만든 후|21. 밀대로 밀어 만두피를 만들어 주세요. 이 과정이 귀찮으신 분들은 시중에 파는 만두피를 사다가 하셔도 됩니다 ㅎㅎ|22. 만두피 위에 만두 속을 올리고 만두 모양을 잡아 주세요. 모양 만드는 과정은 사진으로는 조금 힘드네요ㅠ 유튜브 검색해보면 다양한 만두 만드는 과정의 동영상이 자세히 나와 있더라고요.|23. 나뭇잎 만두와 왕만두 등등 여러 가지가 만들어졌어요. 아이들과 함께 만드니 여러 가지 모양이 나옵니다 ㅎㅎ 먹을 만큼 남긴 후 냉동실에 보관하시고 필요하실 때 꺼내서 드시면 좋아요.
조개구이,"게조개 2개,계란 노른자 1개,두부 1/5모,대파 1/4쪽,풋고추 약간,홍고추 약간,삶은 계란 2개,노란 미니파프리카 1/2개,빨간 미니파프리카 1/2개,소금 0.5작은술,후춧가루 약간,다진 마늘 0.5작은술","1. 이렇게 재료를 준비해두었어요. 계란은 잘게 다진 내용물이 서로 잘 붙어있으라고 넣는데요. 너무 많이 넣으면 질척해지니깐 노른자만 한 개 넣으려고요. 만약 게조개를 많이 할때는 흰자까지 다 넣어도 되어요.|2. 게조개는 가운데 살을 발라내 내장을 제거하고 껍질은 깨끗히 씻어놓아요. 야채와 두부도 다지기 좋게 적당히 썰어놓고요.|3. 먼저 핸드블렌더에 게조개를 살짝 갈고나서|4. 나머지 재료인 두부와 야채, 계란 노른자를 넣어 함께 살짝 돌리면|5. 적당하게 잘 갈아지지요. 여기에 소금과 후춧가루, 다진마늘로 양념하고|6. 게조개 뚜껑에 밀가루를 살짝 발라 두고 (게조개에 밀가루 1작은술을 넣고 뚜껑을 마주 덮어 흔들어주면 순식간에 발라져요.)|7. 갈아둔 게조개내용물을 4군데 골고루 나누어 담아 전자렌지에서 7~8분간 돌려주면 잘 익어요. 찜통에 쪄도 되고요. 오븐에 구워도 되지만 전자렌지가 빨라요.|8. 계란은 완숙으로 익혀 흰자는 핸드블렌더에서 곱게 갈고, 노른자는 체에 내려둡니다.|9. 속을 잘 익힌 게조개 위에 곱게 간 흰자와 노른자를 얹어서|10. 붉은고추를 가늘게 썰어 민트잎과 함께 장식하면 완성."
시금치나물,"시금치,소금,된장 1큰술,다진 마늘 1작은술,고춧가루 약간,깨소금 약간,들기름 약간","1. 시금치는 손질해줍니다.|2. 시금치는 끓는물에 소금넣고 살짝만 데쳐줄께요.|3. 볼에 된장1큰술, 다진마늘 1작은술, 고춧가루 약간 깨소금약간, 들기름 약간 넣어줍니다.|4. 된장양념을 미리섞어놓은 볼에 시금치를 넣어줍니다.|5. 가볍게 조물조물 무쳐주면 완성."
